id,ticker,entry_date,actual_status,actual_outcome,actual_close_date,shares,entry_price,actual_pnl,actual_pnl_pct,without_trailing_status,without_trailing_reason,without_trailing_date,without_trailing_pnl,without_trailing_pnl_pct,delta_actual_minus_no_trailing,category
V31-0001,MRVL,2024-01-04,CLOSED,TRAILING_WIN,2024-01-05,68,58.07,39.49,1.0,CLOSED,TARGET,2024-01-08,236.93,6.0,-197.44,TRAILING_REDUCED_PROFIT
V31-0002,MRVL,2024-01-05,CLOSED,WIN,2024-01-08,67,59.92,240.88,6.0,CLOSED,TARGET,2024-01-08,240.88,6.0,0.0,NO_MATERIAL_BENEFIT_CLASS
V31-0003,NVDA,2024-01-08,CLOSED,TRAILING_WIN,2024-01-09,78,52.253,40.76,1.0,CLOSED,TARGET,2024-01-18,407.57,10.0,-366.81,TRAILING_REDUCED_PROFIT
V31-0004,LRCX,2024-01-08,CLOSED,TRAILING_WIN,2024-01-16,32,75.716,24.23,1.0,CLOSED,TARGET,2024-01-18,96.92,4.0,-72.69,TRAILING_REDUCED_PROFIT
V31-0005,MRVL,2024-01-08,CLOSED,TRAILING_WIN,2024-01-11,23,64.11,14.75,1.0,CLOSED,TARGET,2024-01-12,58.98,4.0,-44.23,TRAILING_REDUCED_PROFIT
V31-0006,NVDA,2024-01-09,CLOSED,TRAILING_WIN,2024-01-10,48,53.14,25.51,1.0,CLOSED,TARGET,2024-01-19,255.07,10.0,-229.56,TRAILING_REDUCED_PROFIT
V31-0007,AVGO,2024-01-09,CLOSED,TRAILING_WIN,2024-01-11,14,108.249,15.15,1.0,CLOSED,TARGET,2024-01-18,75.77,5.0,-60.62,TRAILING_REDUCED_PROFIT
V31-0008,NVDA,2024-01-10,CLOSED,TRAILING_WIN,2024-01-11,36,54.35,19.57,1.0,CLOSED,TARGET,2024-01-22,195.66,10.0,-176.09,TRAILING_REDUCED_PROFIT
V31-0009,NVDA,2024-01-11,CLOSED,TRAILING_WIN,2024-01-16,58,54.822,63.59,2.0,CLOSED,TARGET,2024-01-22,317.97,10.0,-254.38,TRAILING_REDUCED_PROFIT
V31-0010,MRVL,2024-01-11,CLOSED,TRAILING_WIN,2024-01-12,29,65.87,19.1,1.0,CLOSED,TARGET,2024-01-18,76.41,4.0,-57.31,TRAILING_REDUCED_PROFIT
V31-0011,NVDA,2024-01-16,CLOSED,TRAILING_WIN,2024-01-18,74,56.382,83.44,2.0,CLOSED,TARGET,2024-01-24,417.23,10.0,-333.79,TRAILING_REDUCED_PROFIT
V31-0012,AMD,2024-01-16,CLOSED,TRAILING_WIN,2024-01-17,15,158.74,23.81,1.0,CLOSED,TARGET,2024-01-18,119.05,5.0,-95.24,TRAILING_REDUCED_PROFIT
V31-0013,AMD,2024-01-17,CLOSED,TRAILING_WIN,2024-01-18,15,160.17,96.1,4.0,CLOSED,TARGET,2024-01-18,120.13,5.0,-24.03,TRAILING_REDUCED_PROFIT
V31-0014,NVDA,2024-01-18,CLOSED,TRAILING_WIN,2024-01-19,74,57.107,42.26,1.0,CLOSED,TARGET,2024-01-24,422.59,10.0,-380.33,TRAILING_REDUCED_PROFIT
V31-0015,AMD,2024-01-18,CLOSED,TRAILING_WIN,2024-01-19,15,162.67,48.8,2.0,CLOSED,TARGET,2024-01-19,122.0,5.0,-73.2,TRAILING_REDUCED_PROFIT
V31-0016,MRVL,2024-01-18,CLOSED,TRAILING_WIN,2024-01-19,23,68.21,15.69,1.0,CLOSED,TARGET,2024-01-19,62.75,4.0,-47.06,TRAILING_REDUCED_PROFIT
V31-0017,NVDA,2024-01-19,CLOSED,TRAILING_WIN,2024-01-22,72,59.491,42.83,1.0,CLOSED,TARGET,2024-02-02,428.34,10.0,-385.51,TRAILING_REDUCED_PROFIT
V31-0018,AMD,2024-01-19,CLOSED,TRAILING_WIN,2024-01-24,14,174.23,24.39,1.0,CLOSED,TARGET,2024-01-25,121.96,5.0,-97.57,TRAILING_REDUCED_PROFIT
V31-0019,MRVL,2024-01-19,CLOSED,TRAILING_WIN,2024-01-22,23,71.08,32.7,2.0,CLOSED,TIMEOUT,2024-01-31,-77.74,-4.76,110.44,TRAILING_TURNED_LOSS_TO_WIN
V31-0020,NVDA,2024-01-22,CLOSED,TRAILING_WIN,2024-01-24,56,59.654,33.41,1.0,CLOSED,TARGET,2024-02-02,334.06,10.0,-300.65,TRAILING_REDUCED_PROFIT
V31-0021,NVDA,2024-01-24,CLOSED,TRAILING_WIN,2024-01-25,71,61.362,87.13,2.0,CLOSED,TARGET,2024-02-05,435.67,10.0,-348.54,TRAILING_REDUCED_PROFIT
V31-0022,AMD,2024-01-24,CLOSED,TRAILING_WIN,2024-01-25,14,178.29,74.88,3.0,CLOSED,INITIAL_STOP,2024-01-31,-212.29,-8.51,287.17,TRAILING_TURNED_LOSS_TO_WIN
V31-0023,NVDA,2024-02-02,CLOSED,TRAILING_WIN,2024-02-05,67,66.16,177.31,4.0,CLOSED,TARGET,2024-02-12,443.27,10.0,-265.96,TRAILING_REDUCED_PROFIT
V31-0024,MRVL,2024-02-02,CLOSED,TRAILING_WIN,2024-02-07,39,67.53,26.34,1.0,CLOSED,TARGET,2024-02-08,158.02,6.0,-131.68,TRAILING_REDUCED_PROFIT
V31-0025,NVDA,2024-02-05,CLOSED,TRAILING_WIN,2024-02-07,49,69.332,33.97,1.0,CLOSED,TARGET,2024-02-22,339.73,10.0,-305.76,TRAILING_REDUCED_PROFIT
V31-0026,NVDA,2024-02-07,CLOSED,TRAILING_WIN,2024-02-09,64,70.099,44.86,1.0,CLOSED,TARGET,2024-02-22,448.63,10.0,-403.77,TRAILING_REDUCED_PROFIT
V31-0027,NVDA,2024-02-09,CLOSED,TRAILING_WIN,2024-02-12,63,72.133,45.44,1.0,CLOSED,TARGET,2024-02-23,454.44,10.0,-409.0,TRAILING_REDUCED_PROFIT
V31-0028,NVDA,2024-02-12,CLOSED,TRAILING_WIN,2024-02-13,63,72.248,45.52,1.0,CLOSED,TARGET,2024-02-23,455.16,10.0,-409.64,TRAILING_REDUCED_PROFIT
V31-0029,NVDA,2024-02-22,CLOSED,TRAILING_WIN,2024-02-23,58,78.538,182.21,4.0,CLOSED,TARGET,2024-03-04,455.52,10.0,-273.31,TRAILING_REDUCED_PROFIT
V31-0030,AVGO,2024-02-22,CLOSED,TRAILING_WIN,2024-02-23,21,130.49,27.4,1.0,CLOSED,TARGET,2024-03-01,137.01,5.0,-109.61,TRAILING_REDUCED_PROFIT
V31-0031,ANET,2024-02-22,CLOSED,TRAILING_WIN,2024-02-23,24,67.19,16.13,1.0,CLOSED,TARGET,2024-03-20,161.26,10.0,-145.13,TRAILING_REDUCED_PROFIT
V31-0032,NVDA,2024-02-23,CLOSED,TRAILING_WIN,2024-02-26,59,78.817,93.0,2.0,CLOSED,TARGET,2024-03-04,465.02,10.0,-372.02,TRAILING_REDUCED_PROFIT
V31-0033,SHOP,2024-02-23,CLOSED,TRAILING_WIN,2024-02-26,37,76.24,28.21,1.0,CLOSED,INITIAL_STOP,2024-03-05,-88.43,-3.13,116.64,TRAILING_TURNED_LOSS_TO_WIN
V31-0034,SHOP,2024-02-23,CLOSED,TRAILING_WIN,2024-02-26,22,76.24,16.77,1.0,CLOSED,INITIAL_STOP,2024-03-05,-52.58,-3.13,69.35,TRAILING_TURNED_LOSS_TO_WIN
V31-0035,PANW,2024-02-27,CLOSED,TRAILING_WIN,2024-02-29,30,157.375,47.21,1.0,CLOSED,TIMEOUT,2024-03-05,-354.3,-7.5,401.51,TRAILING_TURNED_LOSS_TO_WIN
V31-0036,PANW,2024-02-27,CLOSED,TRAILING_WIN,2024-02-29,18,157.375,28.33,1.0,CLOSED,TIMEOUT,2024-03-12,-270.18,-9.54,298.51,TRAILING_TURNED_LOSS_TO_WIN
V31-0037,AMD,2024-02-29,CLOSED,TRAILING_WIN,2024-03-01,24,192.53,184.83,4.0,CLOSED,TARGET,2024-03-01,231.04,5.0,-46.21,TRAILING_REDUCED_PROFIT
V31-0038,AMD,2024-03-01,CLOSED,TRAILING_WIN,2024-03-04,23,202.64,186.43,4.0,CLOSED,TARGET,2024-03-06,233.04,5.0,-46.61,TRAILING_REDUCED_PROFIT
V31-0039,MRVL,2024-03-01,CLOSED,TRAILING_WIN,2024-03-04,38,77.61,29.49,1.0,CLOSED,TARGET,2024-03-06,117.97,4.0,-88.48,TRAILING_REDUCED_PROFIT
V31-0040,NVDA,2024-03-04,CLOSED,TRAILING_WIN,2024-03-05,57,85.137,48.53,1.0,CLOSED,TARGET,2024-03-08,485.28,10.0,-436.75,TRAILING_REDUCED_PROFIT
V31-0041,AMD,2024-03-04,CLOSED,TRAILING_WIN,2024-03-06,14,205.56,86.34,3.0,CLOSED,TARGET,2024-03-08,143.89,5.0,-57.55,TRAILING_REDUCED_PROFIT
V31-0042,MRVL,2024-03-04,CLOSED,TRAILING_WIN,2024-03-06,23,79.4,36.52,2.0,CLOSED,TARGET,2024-03-07,73.05,4.0,-36.53,TRAILING_REDUCED_PROFIT
V31-0043,NVDA,2024-03-06,CLOSED,TRAILING_WIN,2024-03-07,56,88.689,99.34,2.0,CLOSED,TIMEOUT,2024-04-05,-38.14,-0.77,137.48,TRAILING_TURNED_LOSS_TO_WIN
V31-0044,MRVL,2024-03-06,CLOSED,TRAILING_WIN,2024-03-07,36,81.46,58.65,2.0,CLOSED,TARGET,2024-03-07,117.3,4.0,-58.65,TRAILING_REDUCED_PROFIT
V31-0045,PANW,2024-03-06,CLOSED,TRAILING_WIN,2024-03-07,13,139.4983,18.13,1.0,CLOSED,TARGET,2024-03-13,72.54,4.0,-54.41,TRAILING_REDUCED_PROFIT
V31-0046,PANW,2024-03-06,CLOSED,TRAILING_WIN,2024-03-07,7,139.4983,9.76,1.0,CLOSED,TIMEOUT,2024-03-20,10.69,1.09,-0.93,TRAILING_REDUCED_PROFIT
V31-0047,NVDA,2024-03-07,CLOSED,TRAILING_WIN,2024-03-08,54,92.669,150.12,3.0,CLOSED,TIMEOUT,2024-04-08,-298.94,-5.97,449.06,TRAILING_TURNED_LOSS_TO_WIN
V31-0048,MRVL,2024-03-07,CLOSED,LOSS,2024-03-08,36,85.09,-228.33,-7.45,CLOSED,INITIAL_STOP,2024-03-08,-228.33,-7.45,0.0,NO_MATERIAL_BENEFIT_CLASS
V31-0049,LRCX,2024-03-12,CLOSED,TRAILING_WIN,2024-03-21,53,95.083,201.57,4.0,CLOSED,TIMEOUT,2024-04-17,-204.42,-4.06,405.99,TRAILING_TURNED_LOSS_TO_WIN
V31-0050,AVGO,2024-03-14,CLOSED,LOSS,2024-03-15,23,126.227,-33.49,-1.15,CLOSED,INITIAL_STOP,2024-03-15,-33.49,-1.15,0.0,NO_MATERIAL_BENEFIT_CLASS
V31-0051,MRVL,2024-03-15,CLOSED,TRAILING_WIN,2024-03-18,45,66.87,60.18,2.0,CLOSED,INITIAL_STOP,2024-03-19,-150.3,-4.99,210.48,TRAILING_TURNED_LOSS_TO_WIN
V31-0052,AVGO,2024-03-20,CLOSED,TRAILING_WIN,2024-03-21,23,127.6,117.39,4.0,CLOSED,TARGET,2024-03-21,146.74,5.0,-29.35,TRAILING_REDUCED_PROFIT
V31-0053,LRCX,2024-03-20,CLOSED,WIN,2024-03-21,19,94.908,72.13,4.0,CLOSED,TARGET,2024-03-21,72.13,4.0,0.0,NO_MATERIAL_BENEFIT_CLASS
V31-0054,PANW,2024-04-09,CLOSED,TRAILING_WIN,2024-04-10,37,139.565,51.63,1.0,CLOSED,TIMEOUT,2024-04-16,-76.04,-1.47,127.67,TRAILING_TURNED_LOSS_TO_WIN
V31-0055,PANW,2024-04-09,CLOSED,TRAILING_WIN,2024-04-10,22,139.565,30.7,1.0,CLOSED,TIMEOUT,2024-04-23,157.96,5.14,-127.26,TRAILING_REDUCED_PROFIT
V31-0056,ANET,2024-04-16,CLOSED,LOSS,2024-04-17,79,65.69,-25.94,-0.5,CLOSED,INITIAL_STOP,2024-04-17,-25.94,-0.5,0.0,NO_MATERIAL_BENEFIT_CLASS
V31-0057,SHOP,2024-04-16,CLOSED,TRAILING_WIN,2024-04-17,46,68.7,31.6,1.0,CLOSED,TARGET,2024-04-19,126.41,4.0,-94.81,TRAILING_REDUCED_PROFIT
V31-0058,SHOP,2024-04-16,CLOSED,TRAILING_WIN,2024-04-17,27,68.7,18.55,1.0,CLOSED,TARGET,2024-04-23,111.29,6.0,-92.74,TRAILING_REDUCED_PROFIT
V31-0059,SHOP,2024-04-18,CLOSED,TRAILING_WIN,2024-04-19,75,69.51,156.4,3.0,CLOSED,TARGET,2024-04-23,208.53,4.0,-52.13,TRAILING_REDUCED_PROFIT
V31-0060,SHOP,2024-04-18,CLOSED,TRAILING_WIN,2024-04-19,45,69.51,93.84,3.0,CLOSED,TARGET,2024-04-23,187.68,6.0,-93.84,TRAILING_REDUCED_PROFIT
V31-0061,NVDA,2024-04-22,CLOSED,TRAILING_WIN,2024-04-23,67,79.518,106.55,2.0,CLOSED,TARGET,2024-04-24,266.39,5.0,-159.84,TRAILING_REDUCED_PROFIT
V31-0062,SHOP,2024-04-22,CLOSED,TRAILING_WIN,2024-04-23,45,70.55,95.24,3.0,CLOSED,TARGET,2024-04-23,126.99,4.0,-31.75,TRAILING_REDUCED_PROFIT
V31-0063,SHOP,2024-04-22,CLOSED,TRAILING_WIN,2024-04-23,27,70.55,57.15,3.0,CLOSED,TARGET,2024-05-03,114.29,6.0,-57.14,TRAILING_REDUCED_PROFIT
V31-0064,AVGO,2024-04-24,CLOSED,TRAILING_WIN,2024-04-25,43,125.682,54.04,1.0,CLOSED,TARGET,2024-04-26,270.22,5.0,-216.18,TRAILING_REDUCED_PROFIT
V31-0065,ANET,2024-04-24,CLOSED,TRAILING_WIN,2024-04-25,51,63.6925,32.48,1.0,CLOSED,TARGET,2024-04-25,162.41,5.0,-129.93,TRAILING_REDUCED_PROFIT
V31-0066,NVDA,2024-04-25,CLOSED,TRAILING_WIN,2024-04-26,66,82.632,109.07,2.0,CLOSED,TARGET,2024-04-26,272.69,5.0,-163.62,TRAILING_REDUCED_PROFIT
V31-0067,ANET,2024-05-02,CLOSED,WIN,2024-05-03,84,65.465,274.95,5.0,CLOSED,TARGET,2024-05-03,274.95,5.0,0.0,NO_MATERIAL_BENEFIT_CLASS
V31-0068,MRVL,2024-05-02,CLOSED,TRAILING_WIN,2024-05-03,49,66.67,130.67,4.0,CLOSED,TARGET,2024-05-16,196.01,6.0,-65.34,TRAILING_REDUCED_PROFIT
V31-0069,ANET,2024-05-03,CLOSED,TRAILING_WIN,2024-05-08,81,69.5,112.59,2.0,CLOSED,TARGET,2024-05-10,562.95,10.0,-450.36,TRAILING_REDUCED_PROFIT
V31-0070,ANET,2024-05-08,CLOSED,TRAILING_WIN,2024-05-09,78,72.9175,56.87,1.0,CLOSED,TARGET,2024-05-15,568.76,10.0,-511.89,TRAILING_REDUCED_PROFIT
V31-0071,AMD,2024-05-16,CLOSED,TRAILING_WIN,2024-05-17,35,162.62,170.75,3.0,CLOSED,TARGET,2024-05-23,284.59,5.0,-113.84,TRAILING_REDUCED_PROFIT
V31-0072,MRVL,2024-05-16,CLOSED,TRAILING_WIN,2024-05-17,47,73.08,34.35,1.0,CLOSED,TARGET,2024-05-23,137.39,4.0,-103.04,TRAILING_REDUCED_PROFIT
V31-0073,NVDA,2024-05-23,CLOSED,TRAILING_WIN,2024-05-24,56,103.799,58.13,1.0,CLOSED,TARGET,2024-05-28,581.27,10.0,-523.14,TRAILING_REDUCED_PROFIT
V31-0074,MRVL,2024-05-23,CLOSED,TRAILING_WIN,2024-05-24,46,75.02,34.51,1.0,CLOSED,TARGET,2024-05-28,138.04,4.0,-103.53,TRAILING_REDUCED_PROFIT
V31-0075,NVDA,2024-05-24,CLOSED,TRAILING_WIN,2024-05-28,55,106.469,292.8,5.0,CLOSED,TARGET,2024-06-05,585.58,10.0,-292.78,TRAILING_REDUCED_PROFIT
V31-0076,NVDA,2024-05-28,CLOSED,TRAILING_WIN,2024-05-29,52,113.901,59.23,1.0,CLOSED,TARGET,2024-06-06,592.29,10.0,-533.06,TRAILING_REDUCED_PROFIT
V31-0077,MRVL,2024-05-28,CLOSED,LOSS,2024-05-31,46,78.33,-209.59,-5.82,CLOSED,INITIAL_STOP,2024-05-31,-209.59,-5.82,0.0,NO_MATERIAL_BENEFIT_CLASS
V31-0078,NVDA,2024-06-04,CLOSED,TRAILING_WIN,2024-06-05,50,116.437,116.43,2.0,CLOSED,TARGET,2024-06-13,582.19,10.0,-465.76,TRAILING_REDUCED_PROFIT
V31-0079,NVDA,2024-06-05,CLOSED,TRAILING_WIN,2024-06-06,48,122.44,117.54,2.0,CLOSED,TARGET,2024-06-18,587.71,10.0,-470.17,TRAILING_REDUCED_PROFIT
V31-0080,AVGO,2024-06-05,CLOSED,TRAILING_WIN,2024-06-10,25,141.309,35.33,1.0,CLOSED,TARGET,2024-06-12,176.64,5.0,-141.31,TRAILING_REDUCED_PROFIT
V31-0081,LRCX,2024-06-05,CLOSED,TRAILING_WIN,2024-06-10,22,97.172,42.76,2.0,CLOSED,TARGET,2024-06-12,85.51,4.0,-42.75,TRAILING_REDUCED_PROFIT
V31-0082,MRVL,2024-06-05,CLOSED,TRAILING_WIN,2024-06-11,19,69.8,13.26,1.0,CLOSED,TARGET,2024-06-13,79.57,6.0,-66.31,TRAILING_REDUCED_PROFIT
V31-0083,ANET,2024-06-11,CLOSED,TRAILING_WIN,2024-06-12,79,76.1925,60.19,1.0,CLOSED,TARGET,2024-06-13,300.96,5.0,-240.77,TRAILING_REDUCED_PROFIT
V31-0084,ANET,2024-06-12,CLOSED,TRAILING_WIN,2024-06-13,78,77.8325,303.55,5.0,CLOSED,TARGET,2024-06-18,607.09,10.0,-303.54,TRAILING_REDUCED_PROFIT
V31-0085,NVDA,2024-06-13,CLOSED,TRAILING_WIN,2024-06-14,47,129.61,60.92,1.0,CLOSED,TIMEOUT,2024-07-16,-152.75,-2.51,213.67,TRAILING_TURNED_LOSS_TO_WIN
V31-0086,NVDA,2024-06-14,CLOSED,TRAILING_WIN,2024-06-17,47,131.88,61.98,1.0,CLOSED,TIMEOUT,2024-07-17,-652.83,-10.53,714.81,TRAILING_TURNED_LOSS_TO_WIN
V31-0087,NVDA,2024-06-18,CLOSED,TRAILING_WIN,2024-06-20,46,135.58,187.1,3.0,CLOSED,INITIAL_STOP,2024-06-24,-708.52,-11.36,895.62,TRAILING_TURNED_LOSS_TO_WIN
V31-0088,LRCX,2024-06-25,CLOSED,TRAILING_WIN,2024-06-26,60,105.29,63.17,1.0,CLOSED,TARGET,2024-07-09,379.04,6.0,-315.87,TRAILING_REDUCED_PROFIT
V31-0089,MRVL,2024-06-25,CLOSED,TRAILING_WIN,2024-06-27,55,68.26,37.54,1.0,CLOSED,TARGET,2024-07-03,225.26,6.0,-187.72,TRAILING_REDUCED_PROFIT
V31-0090,TSLA,2024-07-01,CLOSED,WIN,2024-07-02,30,209.86,251.83,4.0,CLOSED,TARGET,2024-07-02,251.83,4.0,0.0,NO_MATERIAL_BENEFIT_CLASS
V31-0091,TSLA,2024-07-01,CLOSED,TRAILING_WIN,2024-07-02,18,209.86,188.87,5.0,CLOSED,TARGET,2024-07-02,226.65,6.0,-37.78,TRAILING_REDUCED_PROFIT
V31-0092,AVGO,2024-07-02,CLOSED,TRAILING_WIN,2024-07-03,39,165.748,64.64,1.0,CLOSED,TARGET,2024-07-05,323.21,5.0,-258.57,TRAILING_REDUCED_PROFIT
V31-0093,TSLA,2024-07-02,CLOSED,TRAILING_WIN,2024-07-03,17,231.26,117.94,3.0,CLOSED,TARGET,2024-07-03,157.26,4.0,-39.32,TRAILING_REDUCED_PROFIT
V31-0094,TSLA,2024-07-02,CLOSED,TRAILING_WIN,2024-07-03,10,231.26,69.38,3.0,CLOSED,TARGET,2024-07-03,138.76,6.0,-69.38,TRAILING_REDUCED_PROFIT
V31-0095,TSLA,2024-07-03,CLOSED,TRAILING_WIN,2024-07-05,27,246.445,133.08,2.0,CLOSED,TARGET,2024-07-08,266.16,4.0,-133.08,TRAILING_REDUCED_PROFIT
V31-0096,TSLA,2024-07-03,CLOSED,TRAILING_WIN,2024-07-05,16,246.445,78.86,2.0,CLOSED,TARGET,2024-07-09,236.59,6.0,-157.73,TRAILING_REDUCED_PROFIT
V31-0097,AMD,2024-07-05,CLOSED,TRAILING_WIN,2024-07-08,39,171.9,201.12,3.0,CLOSED,TARGET,2024-07-10,335.2,5.0,-134.08,TRAILING_REDUCED_PROFIT
V31-0098,TSLA,2024-07-05,CLOSED,TRAILING_WIN,2024-07-08,16,251.52,40.24,1.0,CLOSED,TARGET,2024-07-09,160.97,4.0,-120.73,TRAILING_REDUCED_PROFIT
V31-0099,TSLA,2024-07-05,CLOSED,TRAILING_WIN,2024-07-08,9,251.52,22.64,1.0,CLOSED,TARGET,2024-07-10,135.82,6.0,-113.18,TRAILING_REDUCED_PROFIT
V31-0100,AMD,2024-07-08,CLOSED,TRAILING_WIN,2024-07-10,38,178.69,67.9,1.0,CLOSED,INITIAL_STOP,2024-07-17,-487.35,-7.18,555.25,TRAILING_TURNED_LOSS_TO_WIN
V31-0101,TSLA,2024-07-08,CLOSED,TRAILING_WIN,2024-07-09,16,252.94,40.47,1.0,CLOSED,TARGET,2024-07-09,161.88,4.0,-121.41,TRAILING_REDUCED_PROFIT
V31-0102,TSLA,2024-07-08,CLOSED,TRAILING_WIN,2024-07-09,9,252.94,22.76,1.0,CLOSED,TARGET,2024-07-11,136.59,6.0,-113.83,TRAILING_REDUCED_PROFIT
V31-0103,TSLA,2024-07-09,CLOSED,TRAILING_WIN,2024-07-10,15,262.33,39.35,1.0,CLOSED,INITIAL_STOP,2024-07-11,-307.49,-7.81,346.84,TRAILING_TURNED_LOSS_TO_WIN
V31-0104,TSLA,2024-07-09,CLOSED,TRAILING_WIN,2024-07-10,9,262.33,23.61,1.0,CLOSED,TIMEOUT,2024-07-23,-143.55,-6.08,167.16,TRAILING_TURNED_LOSS_TO_WIN
V31-0105,AMD,2024-07-10,CLOSED,TRAILING_WIN,2024-07-11,37,183.96,68.07,1.0,CLOSED,INITIAL_STOP,2024-07-17,-502.72,-7.39,570.79,TRAILING_TURNED_LOSS_TO_WIN
V31-0106,MRVL,2024-07-12,CLOSED,TRAILING_WIN,2024-07-16,94,73.59,69.17,1.0,CLOSED,INITIAL_STOP,2024-07-18,-686.2,-9.92,755.37,TRAILING_TURNED_LOSS_TO_WIN
V31-0107,PANW,2024-07-19,CLOSED,TRAILING_WIN,2024-07-22,42,165.445,138.97,2.0,CLOSED,INITIAL_STOP,2024-07-25,-223.23,-3.21,362.2,TRAILING_TURNED_LOSS_TO_WIN
V31-0108,PANW,2024-07-19,CLOSED,TRAILING_WIN,2024-07-22,25,165.445,82.72,2.0,CLOSED,INITIAL_STOP,2024-08-02,-270.5,-6.54,353.22,TRAILING_TURNED_LOSS_TO_WIN
V31-0109,AVGO,2024-07-22,CLOSED,TRAILING_WIN,2024-07-23,43,161.06,69.26,1.0,CLOSED,INITIAL_STOP,2024-07-24,-307.88,-4.45,377.14,TRAILING_TURNED_LOSS_TO_WIN
V31-0110,LRCX,2024-07-22,CLOSED,LOSS,2024-07-24,43,97.706,-263.71,-6.28,CLOSED,INITIAL_STOP,2024-07-24,-263.71,-6.28,0.0,NO_MATERIAL_BENEFIT_CLASS
V31-0111,MRVL,2024-07-22,CLOSED,TRAILING_WIN,2024-07-23,37,69.01,25.53,1.0,CLOSED,INITIAL_STOP,2024-07-24,-111.37,-4.36,136.9,TRAILING_TURNED_LOSS_TO_WIN
V31-0112,AVGO,2024-07-26,CLOSED,TRAILING_WIN,2024-07-29,46,151.63,139.5,2.0,CLOSED,INITIAL_STOP,2024-07-30,-281.06,-4.03,420.56,TRAILING_TURNED_LOSS_TO_WIN
V31-0113,AVGO,2024-07-31,CLOSED,LOSS,2024-08-02,43,160.68,-688.12,-9.96,CLOSED,INITIAL_STOP,2024-08-02,-688.12,-9.96,0.0,NO_MATERIAL_BENEFIT_CLASS
V31-0114,AVGO,2024-07-31,CLOSED,LOSS,2024-08-02,26,160.68,-450.58,-10.79,CLOSED,INITIAL_STOP,2024-08-02,-450.58,-10.79,0.0,NO_MATERIAL_BENEFIT_CLASS
V31-0115,ANET,2024-07-31,CLOSED,TRAILING_WIN,2024-08-01,30,86.6375,77.98,3.0,CLOSED,TARGET,2024-08-01,129.96,5.0,-51.98,TRAILING_REDUCED_PROFIT
V31-0116,ANET,2024-07-31,CLOSED,TRAILING_WIN,2024-08-01,18,86.6375,46.79,3.0,CLOSED,INITIAL_STOP,2024-08-05,-177.44,-11.38,224.23,TRAILING_TURNED_LOSS_TO_WIN
V31-0117,LRCX,2024-08-05,CLOSED,TRAILING_WIN,2024-08-06,86,77.039,66.26,1.0,CLOSED,TARGET,2024-08-12,397.52,6.0,-331.26,TRAILING_REDUCED_PROFIT
V31-0118,PANW,2024-08-07,CLOSED,TRAILING_WIN,2024-08-08,43,152.105,130.82,2.0,CLOSED,TARGET,2024-08-08,261.62,4.0,-130.8,TRAILING_REDUCED_PROFIT
V31-0119,PANW,2024-08-07,CLOSED,TRAILING_WIN,2024-08-08,26,152.105,79.09,2.0,CLOSED,TARGET,2024-08-09,237.28,6.0,-158.19,TRAILING_REDUCED_PROFIT
V31-0120,MRVL,2024-08-08,CLOSED,TRAILING_WIN,2024-08-13,110,61.16,67.28,1.0,CLOSED,TARGET,2024-08-14,403.66,6.0,-336.38,TRAILING_REDUCED_PROFIT
V31-0121,NVDA,2024-08-09,CLOSED,TRAILING_WIN,2024-08-12,38,104.75,119.41,3.0,CLOSED,TARGET,2024-08-12,199.02,5.0,-79.61,TRAILING_REDUCED_PROFIT
V31-0122,ANET,2024-08-13,CLOSED,TRAILING_WIN,2024-08-14,78,86.5475,135.01,2.0,CLOSED,TIMEOUT,2024-09-12,178.81,2.65,-43.8,TRAILING_REDUCED_PROFIT
V31-0123,MRVL,2024-08-23,CLOSED,WIN,2024-08-30,95,71.84,409.49,6.0,CLOSED,TARGET,2024-08-30,409.49,6.0,0.0,NO_MATERIAL_BENEFIT_CLASS
V31-0124,AVGO,2024-08-30,CLOSED,LOSS,2024-09-03,43,162.82,-318.63,-4.55,CLOSED,INITIAL_STOP,2024-09-03,-318.63,-4.55,0.0,NO_MATERIAL_BENEFIT_CLASS
V31-0125,MRVL,2024-08-30,CLOSED,LOSS,2024-09-04,55,76.24,-396.61,-9.46,CLOSED,INITIAL_STOP,2024-09-04,-396.61,-9.46,0.0,NO_MATERIAL_BENEFIT_CLASS
V31-0126,AVGO,2024-09-05,CLOSED,LOSS,2024-09-06,44,152.82,-161.48,-2.4,CLOSED,INITIAL_STOP,2024-09-06,-161.48,-2.4,0.0,NO_MATERIAL_BENEFIT_CLASS
V31-0127,ANET,2024-09-09,CLOSED,TRAILING_WIN,2024-09-10,82,81.1925,66.58,1.0,CLOSED,TARGET,2024-09-11,332.89,5.0,-266.31,TRAILING_REDUCED_PROFIT
V31-0128,MRVL,2024-09-09,CLOSED,TRAILING_WIN,2024-09-10,58,68.93,39.98,1.0,CLOSED,TARGET,2024-09-11,239.88,6.0,-199.9,TRAILING_REDUCED_PROFIT
V31-0129,AVGO,2024-09-10,CLOSED,TRAILING_WIN,2024-09-11,45,148.21,66.69,1.0,CLOSED,TARGET,2024-09-11,333.47,5.0,-266.78,TRAILING_REDUCED_PROFIT
V31-0130,AVGO,2024-09-10,CLOSED,TRAILING_WIN,2024-09-11,27,148.21,40.02,1.0,CLOSED,TARGET,2024-09-12,400.17,10.0,-360.15,TRAILING_REDUCED_PROFIT
V31-0131,MRVL,2024-09-19,CLOSED,TRAILING_WIN,2024-10-14,90,74.88,134.78,2.0,CLOSED,TARGET,2024-10-15,404.35,6.0,-269.57,TRAILING_REDUCED_PROFIT
V31-0132,AMD,2024-09-25,CLOSED,TRAILING_WIN,2024-09-26,25,162.02,162.02,4.0,CLOSED,TARGET,2024-10-04,202.52,5.0,-40.5,TRAILING_REDUCED_PROFIT
V31-0133,AMD,2024-09-26,CLOSED,TRAILING_WIN,2024-10-04,24,167.49,80.4,2.0,CLOSED,TIMEOUT,2024-10-10,-79.44,-1.98,159.84,TRAILING_TURNED_LOSS_TO_WIN
V31-0134,LRCX,2024-10-02,CLOSED,TRAILING_WIN,2024-10-04,31,81.409,50.47,2.0,CLOSED,TARGET,2024-10-14,151.42,6.0,-100.95,TRAILING_REDUCED_PROFIT
V31-0135,AMD,2024-10-04,CLOSED,TRAILING_WIN,2024-10-08,24,170.9,41.02,1.0,CLOSED,INITIAL_STOP,2024-10-15,-273.13,-6.66,314.15,TRAILING_TURNED_LOSS_TO_WIN
V31-0136,AMD,2024-10-08,CLOSED,LOSS,2024-10-15,24,172.8,-266.86,-6.43,CLOSED,INITIAL_STOP,2024-10-15,-266.86,-6.43,0.0,NO_MATERIAL_BENEFIT_CLASS
V31-0137,MRVL,2024-10-14,CLOSED,WIN,2024-10-15,68,77.68,211.29,4.0,CLOSED,TARGET,2024-10-15,211.29,4.0,0.0,NO_MATERIAL_BENEFIT_CLASS
V31-0138,MRVL,2024-10-15,CLOSED,TRAILING_WIN,2024-10-16,87,79.41,69.09,1.0,CLOSED,TARGET,2024-10-17,276.35,4.0,-207.26,TRAILING_REDUCED_PROFIT
V31-0139,NVDA,2024-10-21,CLOSED,TRAILING_WIN,2024-11-06,48,143.71,68.98,1.0,CLOSED,TIMEOUT,2024-11-19,158.4,2.3,-89.42,TRAILING_REDUCED_PROFIT
V31-0140,AVGO,2024-10-24,CLOSED,TRAILING_WIN,2024-10-25,24,171.35,82.25,2.0,CLOSED,TARGET,2024-10-29,205.62,5.0,-123.37,TRAILING_REDUCED_PROFIT
V31-0141,TSLA,2024-10-25,CLOSED,TRAILING_WIN,2024-10-28,15,269.19,40.38,1.0,CLOSED,INITIAL_STOP,2024-11-01,-327.05,-8.1,367.43,TRAILING_TURNED_LOSS_TO_WIN
V31-0142,TSLA,2024-10-25,CLOSED,TRAILING_WIN,2024-10-28,9,269.19,24.23,1.0,CLOSED,TARGET,2024-11-06,145.36,6.0,-121.13,TRAILING_REDUCED_PROFIT
V31-0143,AVGO,2024-10-29,CLOSED,LOSS,2024-10-31,23,179.24,-224.02,-5.43,CLOSED,INITIAL_STOP,2024-10-31,-224.02,-5.43,0.0,NO_MATERIAL_BENEFIT_CLASS
V31-0144,MRVL,2024-11-01,CLOSED,TRAILING_WIN,2024-11-04,49,84.77,41.54,1.0,CLOSED,TARGET,2024-11-06,249.22,6.0,-207.68,TRAILING_REDUCED_PROFIT
V31-0145,NVDA,2024-11-06,CLOSED,TRAILING_WIN,2024-11-07,48,145.61,69.89,1.0,CLOSED,INITIAL_STOP,2024-11-27,-611.04,-8.74,680.93,TRAILING_TURNED_LOSS_TO_WIN
V31-0146,MRVL,2024-11-06,CLOSED,TRAILING_WIN,2024-11-07,46,90.63,83.38,2.0,CLOSED,TARGET,2024-11-08,166.76,4.0,-83.38,TRAILING_REDUCED_PROFIT
V31-0147,TSLA,2024-11-06,CLOSED,TRAILING_WIN,2024-11-07,8,288.53,46.16,2.0,CLOSED,TARGET,2024-11-08,92.33,4.0,-46.17,TRAILING_REDUCED_PROFIT
V31-0148,TSLA,2024-11-06,CLOSED,TRAILING_WIN,2024-11-07,5,288.53,28.85,2.0,CLOSED,TARGET,2024-11-08,86.56,6.0,-57.71,TRAILING_REDUCED_PROFIT
V31-0149,NVDA,2024-11-07,CLOSED,TRAILING_WIN,2024-11-21,47,148.88,139.95,2.0,CLOSED,INITIAL_STOP,2024-11-25,-611.81,-8.74,751.76,TRAILING_TURNED_LOSS_TO_WIN
V31-0150,TSLA,2024-11-07,CLOSED,TRAILING_WIN,2024-11-08,14,296.67,124.6,3.0,CLOSED,TARGET,2024-11-08,166.14,4.0,-41.54,TRAILING_REDUCED_PROFIT
V31-0151,TSLA,2024-11-07,CLOSED,TRAILING_WIN,2024-11-08,8,296.67,71.2,3.0,CLOSED,TARGET,2024-11-08,142.4,6.0,-71.2,TRAILING_REDUCED_PROFIT
V31-0152,TSLA,2024-11-08,CLOSED,WIN,2024-11-11,13,321.22,167.03,4.0,CLOSED,TARGET,2024-11-11,167.03,4.0,0.0,NO_MATERIAL_BENEFIT_CLASS
V31-0153,TSLA,2024-11-08,CLOSED,WIN,2024-11-11,8,321.22,154.19,6.0,CLOSED,TARGET,2024-11-11,154.19,6.0,0.0,NO_MATERIAL_BENEFIT_CLASS
V31-0154,TSLA,2024-11-11,CLOSED,LOSS,2024-11-14,12,350.0,-445.3,-10.6,CLOSED,INITIAL_STOP,2024-11-14,-445.3,-10.6,0.0,NO_MATERIAL_BENEFIT_CLASS
V31-0155,TSLA,2024-11-11,CLOSED,TRAILING_WIN,2024-11-22,8,350.0,28.0,1.0,CLOSED,TIMEOUT,2024-11-25,-91.28,-3.26,119.28,TRAILING_TURNED_LOSS_TO_WIN
V31-0156,ANET,2024-11-13,CLOSED,LOSS,2024-11-15,17,98.79,-56.44,-3.36,CLOSED,INITIAL_STOP,2024-11-15,-56.44,-3.36,0.0,NO_MATERIAL_BENEFIT_CLASS
V31-0157,ANET,2024-11-21,CLOSED,TRAILING_WIN,2024-11-25,59,101.2425,59.73,1.0,CLOSED,TARGET,2024-12-13,597.33,10.0,-537.6,TRAILING_REDUCED_PROFIT
V31-0158,AVGO,2024-11-26,CLOSED,LOSS,2024-11-27,43,164.74,-178.02,-2.51,CLOSED,INITIAL_STOP,2024-11-27,-178.02,-2.51,0.0,NO_MATERIAL_BENEFIT_CLASS
V31-0159,AVGO,2024-11-29,CLOSED,TRAILING_WIN,2024-12-02,43,162.0798,69.7,1.0,CLOSED,TARGET,2024-12-04,348.47,5.0,-278.77,TRAILING_REDUCED_PROFIT
V31-0160,MRVL,2024-12-02,CLOSED,TRAILING_WIN,2024-12-03,73,96.86,70.71,1.0,CLOSED,TARGET,2024-12-04,282.83,4.0,-212.12,TRAILING_REDUCED_PROFIT
V31-0161,AVGO,2024-12-03,CLOSED,TRAILING_WIN,2024-12-04,42,168.15,282.49,4.0,CLOSED,TARGET,2024-12-13,706.23,10.0,-423.74,TRAILING_REDUCED_PROFIT
V31-0162,MRVL,2024-12-04,CLOSED,LOSS,2024-12-09,61,118.15,-579.93,-8.05,CLOSED,INITIAL_STOP,2024-12-09,-579.93,-8.05,0.0,NO_MATERIAL_BENEFIT_CLASS
V31-0163,MRVL,2024-12-11,CLOSED,TRAILING_WIN,2024-12-13,63,111.36,350.78,5.0,CLOSED,TARGET,2024-12-13,420.94,6.0,-70.16,TRAILING_REDUCED_PROFIT
V31-0164,TSLA,2024-12-11,CLOSED,TRAILING_WIN,2024-12-12,9,424.77,38.23,1.0,CLOSED,TARGET,2024-12-16,152.92,4.0,-114.69,TRAILING_REDUCED_PROFIT
V31-0165,TSLA,2024-12-11,CLOSED,TRAILING_WIN,2024-12-12,6,424.77,25.49,1.0,CLOSED,TARGET,2024-12-16,152.92,6.0,-127.43,TRAILING_REDUCED_PROFIT
V31-0166,MRVL,2024-12-13,CLOSED,TRAILING_WIN,2024-12-16,59,120.77,142.51,2.0,CLOSED,TARGET,2024-12-16,285.02,4.0,-142.51,TRAILING_REDUCED_PROFIT
V31-0167,TSLA,2024-12-13,CLOSED,TRAILING_WIN,2024-12-16,10,436.23,87.25,2.0,CLOSED,TARGET,2024-12-16,174.49,4.0,-87.24,TRAILING_REDUCED_PROFIT
V31-0168,TSLA,2024-12-13,CLOSED,TRAILING_WIN,2024-12-16,6,436.23,52.35,2.0,CLOSED,TARGET,2024-12-16,157.04,6.0,-104.69,TRAILING_REDUCED_PROFIT
V31-0169,MRVL,2024-12-16,CLOSED,LOSS,2024-12-18,58,124.78,-777.88,-10.75,CLOSED,INITIAL_STOP,2024-12-18,-777.88,-10.75,0.0,NO_MATERIAL_BENEFIT_CLASS
V31-0170,TSLA,2024-12-16,CLOSED,TRAILING_WIN,2024-12-17,9,463.02,83.34,2.0,CLOSED,TARGET,2024-12-17,166.69,4.0,-83.35,TRAILING_REDUCED_PROFIT
V31-0171,TSLA,2024-12-16,CLOSED,TRAILING_WIN,2024-12-17,5,463.02,46.3,2.0,CLOSED,INITIAL_STOP,2024-12-31,-260.83,-11.27,307.13,TRAILING_TURNED_LOSS_TO_WIN
V31-0172,TSLA,2024-12-17,CLOSED,TRAILING_WIN,2024-12-18,9,479.86,43.19,1.0,CLOSED,INITIAL_STOP,2024-12-18,-332.52,-7.7,375.71,TRAILING_TURNED_LOSS_TO_WIN
V31-0173,TSLA,2024-12-17,CLOSED,TRAILING_WIN,2024-12-18,5,479.86,23.99,1.0,CLOSED,INITIAL_STOP,2024-12-19,-277.1,-11.55,301.09,TRAILING_TURNED_LOSS_TO_WIN
V31-0174,MRVL,2024-12-19,CLOSED,TRAILING_WIN,2024-12-20,65,109.11,70.92,1.0,CLOSED,TARGET,2024-12-24,425.53,6.0,-354.61,TRAILING_REDUCED_PROFIT
V31-0175,NVDA,2024-12-20,CLOSED,TRAILING_WIN,2024-12-23,52,134.7,140.09,2.0,CLOSED,TARGET,2024-12-24,350.22,5.0,-210.13,TRAILING_REDUCED_PROFIT
V31-0176,MRVL,2024-12-20,CLOSED,TRAILING_WIN,2024-12-23,38,111.9,42.52,1.0,CLOSED,TARGET,2025-01-06,255.13,6.0,-212.61,TRAILING_REDUCED_PROFIT
V31-0177,SHOP,2024-12-20,CLOSED,TRAILING_WIN,2024-12-23,24,108.95,26.15,1.0,CLOSED,TARGET,2025-01-06,104.59,4.0,-78.44,TRAILING_REDUCED_PROFIT
V31-0178,SHOP,2024-12-20,CLOSED,TRAILING_WIN,2024-12-23,14,108.95,15.25,1.0,CLOSED,INITIAL_STOP,2025-01-10,-79.66,-5.22,94.91,TRAILING_TURNED_LOSS_TO_WIN
V31-0179,AVGO,2025-01-13,CLOSED,TRAILING_WIN,2025-01-14,32,225.29,72.09,1.0,CLOSED,TARGET,2025-01-16,360.46,5.0,-288.37,TRAILING_REDUCED_PROFIT
V31-0180,PANW,2025-01-15,CLOSED,TRAILING_WIN,2025-01-16,41,174.19,142.84,2.0,CLOSED,TARGET,2025-01-17,285.67,4.0,-142.83,TRAILING_REDUCED_PROFIT
V31-0181,PANW,2025-01-15,CLOSED,TRAILING_WIN,2025-01-16,25,174.19,87.1,2.0,CLOSED,TARGET,2025-01-21,261.29,6.0,-174.19,TRAILING_REDUCED_PROFIT
V31-0182,MRVL,2025-01-17,CLOSED,TRAILING_WIN,2025-01-21,58,124.76,72.36,1.0,CLOSED,INITIAL_STOP,2025-01-27,-523.75,-7.24,596.11,TRAILING_TURNED_LOSS_TO_WIN
V31-0183,SHOP,2025-01-21,CLOSED,TRAILING_WIN,2025-01-22,69,106.28,73.33,1.0,CLOSED,TARGET,2025-01-28,293.33,4.0,-220.0,TRAILING_REDUCED_PROFIT
V31-0184,SHOP,2025-01-21,CLOSED,TRAILING_WIN,2025-01-22,41,106.28,43.57,1.0,CLOSED,TARGET,2025-01-28,261.45,6.0,-217.88,TRAILING_REDUCED_PROFIT
V31-0185,AVGO,2025-01-28,CLOSED,TRAILING_WIN,2025-01-29,35,207.36,72.58,1.0,CLOSED,TARGET,2025-01-30,362.88,5.0,-290.3,TRAILING_REDUCED_PROFIT
V31-0186,ANET,2025-01-28,CLOSED,TRAILING_WIN,2025-01-29,42,106.54,89.49,2.0,CLOSED,TARGET,2025-01-31,447.47,10.0,-357.98,TRAILING_REDUCED_PROFIT
V31-0187,MRVL,2025-01-28,CLOSED,TRAILING_WIN,2025-01-29,26,103.88,27.01,1.0,CLOSED,TARGET,2025-01-30,162.05,6.0,-135.04,TRAILING_REDUCED_PROFIT
V31-0188,MRVL,2025-01-29,CLOSED,TRAILING_WIN,2025-01-30,70,106.79,299.01,4.0,CLOSED,TARGET,2025-01-31,448.52,6.0,-149.51,TRAILING_REDUCED_PROFIT
V31-0189,AVGO,2025-01-30,CLOSED,TRAILING_WIN,2025-01-31,35,215.66,150.96,2.0,CLOSED,TARGET,2025-01-31,377.41,5.0,-226.45,TRAILING_REDUCED_PROFIT
V31-0190,LRCX,2025-01-30,CLOSED,TRAILING_WIN,2025-01-31,56,80.73,90.42,2.0,CLOSED,TARGET,2025-02-18,271.25,6.0,-180.83,TRAILING_REDUCED_PROFIT
V31-0191,MRVL,2025-02-14,CLOSED,TRAILING_WIN,2025-02-18,72,106.51,76.69,1.0,CLOSED,INITIAL_STOP,2025-02-24,-503.28,-6.56,579.97,TRAILING_TURNED_LOSS_TO_WIN
V31-0192,ANET,2025-02-18,CLOSED,LOSS,2025-02-24,69,111.06,-923.21,-12.05,CLOSED,INITIAL_STOP,2025-02-24,-923.21,-12.05,0.0,NO_MATERIAL_BENEFIT_CLASS
V31-0193,ANET,2025-02-26,CLOSED,TRAILING_WIN,2025-02-27,76,96.38,73.25,1.0,CLOSED,INITIAL_STOP,2025-03-03,-534.28,-7.29,607.53,TRAILING_TURNED_LOSS_TO_WIN
V31-0194,AVGO,2025-02-28,CLOSED,TRAILING_WIN,2025-03-03,37,199.43,147.58,2.0,CLOSED,INITIAL_STOP,2025-03-03,-232.36,-3.15,379.94,TRAILING_TURNED_LOSS_TO_WIN
V31-0195,MRVL,2025-02-28,CLOSED,TRAILING_WIN,2025-03-03,48,91.82,44.07,1.0,CLOSED,INITIAL_STOP,2025-03-03,-273.12,-6.2,317.19,TRAILING_TURNED_LOSS_TO_WIN
V31-0196,LRCX,2025-03-04,CLOSED,TRAILING_WIN,2025-03-05,97,76.44,74.15,1.0,CLOSED,INITIAL_STOP,2025-03-10,-227.46,-3.07,301.61,TRAILING_TURNED_LOSS_TO_WIN
V31-0197,MRVL,2025-03-04,CLOSED,TRAILING_WIN,2025-03-05,50,88.33,44.16,1.0,CLOSED,INITIAL_STOP,2025-03-06,-254.48,-5.76,298.64,TRAILING_TURNED_LOSS_TO_WIN
V31-0198,AVGO,2025-03-05,CLOSED,LOSS,2025-03-06,39,191.58,-432.9,-5.79,CLOSED,INITIAL_STOP,2025-03-06,-432.9,-5.79,0.0,NO_MATERIAL_BENEFIT_CLASS
V31-0199,SHOP,2025-03-05,CLOSED,TRAILING_WIN,2025-03-06,42,106.15,44.58,1.0,CLOSED,INITIAL_STOP,2025-03-07,-348.6,-7.82,393.18,TRAILING_TURNED_LOSS_TO_WIN
V31-0200,SHOP,2025-03-05,CLOSED,TRAILING_WIN,2025-03-06,25,106.15,26.54,1.0,CLOSED,INITIAL_STOP,2025-03-07,-207.5,-7.82,234.04,TRAILING_TURNED_LOSS_TO_WIN
V31-0201,AVGO,2025-03-07,CLOSED,TRAILING_WIN,2025-03-12,37,194.96,144.27,2.0,CLOSED,TIMEOUT,2025-03-21,-122.1,-1.69,266.37,TRAILING_TURNED_LOSS_TO_WIN
V31-0202,AVGO,2025-03-07,CLOSED,TRAILING_WIN,2025-03-12,23,194.96,89.68,2.0,CLOSED,INITIAL_STOP,2025-03-26,-399.05,-8.9,488.73,TRAILING_TURNED_LOSS_TO_WIN
V31-0203,SHOP,2025-03-11,CLOSED,WIN,2025-03-12,28,92.95,104.1,4.0,CLOSED,TARGET,2025-03-12,104.1,4.0,0.0,NO_MATERIAL_BENEFIT_CLASS
V31-0204,SHOP,2025-03-11,CLOSED,WIN,2025-03-12,17,92.95,94.81,6.0,CLOSED,TARGET,2025-03-12,94.81,6.0,0.0,NO_MATERIAL_BENEFIT_CLASS
V31-0205,ANET,2025-03-14,CLOSED,TRAILING_WIN,2025-03-17,90,83.51,150.32,2.0,CLOSED,TARGET,2025-03-25,375.79,5.0,-225.47,TRAILING_REDUCED_PROFIT
V31-0206,SHOP,2025-03-19,CLOSED,TRAILING_WIN,2025-03-20,74,101.54,75.14,1.0,CLOSED,TARGET,2025-03-24,300.56,4.0,-225.42,TRAILING_REDUCED_PROFIT
V31-0207,SHOP,2025-03-19,CLOSED,TRAILING_WIN,2025-03-20,45,101.54,45.69,1.0,CLOSED,TARGET,2025-03-24,274.16,6.0,-228.47,TRAILING_REDUCED_PROFIT
V31-0208,AMD,2025-03-24,CLOSED,TRAILING_WIN,2025-03-26,67,113.85,76.28,1.0,CLOSED,INITIAL_STOP,2025-03-28,-557.96,-7.31,634.24,TRAILING_TURNED_LOSS_TO_WIN
V31-0209,LRCX,2025-03-31,CLOSED,TRAILING_WIN,2025-04-02,105,72.7,76.34,1.0,CLOSED,INITIAL_STOP,2025-04-03,-237.3,-3.11,313.64,TRAILING_TURNED_LOSS_TO_WIN
V31-0210,AVGO,2025-04-02,CLOSED,LOSS,2025-04-03,44,172.09,-503.36,-6.65,CLOSED,INITIAL_STOP,2025-04-03,-503.36,-6.65,0.0,NO_MATERIAL_BENEFIT_CLASS
V31-0211,AVGO,2025-04-08,CLOSED,TRAILING_WIN,2025-04-09,48,156.03,224.68,3.0,CLOSED,TARGET,2025-04-09,374.47,5.0,-149.79,TRAILING_REDUCED_PROFIT
V31-0212,ANET,2025-04-08,CLOSED,TRAILING_WIN,2025-04-09,64,69.5,88.96,2.0,CLOSED,TARGET,2025-04-09,222.4,5.0,-133.44,TRAILING_REDUCED_PROFIT
V31-0213,AVGO,2025-04-09,CLOSED,TRAILING_WIN,2025-04-24,41,185.15,75.91,1.0,CLOSED,TARGET,2025-05-02,759.11,10.0,-683.2,TRAILING_REDUCED_PROFIT
V31-0214,ANET,2025-04-09,CLOSED,TRAILING_WIN,2025-04-14,60,76.0,45.6,1.0,CLOSED,TARGET,2025-05-01,456.0,10.0,-410.4,TRAILING_REDUCED_PROFIT
V31-0215,LRCX,2025-04-09,CLOSED,TRAILING_WIN,2025-04-25,39,71.11,27.73,1.0,CLOSED,TARGET,2025-05-02,166.4,6.0,-138.67,TRAILING_REDUCED_PROFIT
V31-0216,PANW,2025-04-09,CLOSED,TRAILING_WIN,2025-04-15,9,173.02,15.57,1.0,CLOSED,TIMEOUT,2025-04-16,-29.34,-1.88,44.91,TRAILING_TURNED_LOSS_TO_WIN
V31-0217,PANW,2025-04-09,CLOSED,TRAILING_WIN,2025-04-15,6,173.02,10.38,1.0,CLOSED,TIMEOUT,2025-04-24,18.12,1.75,-7.74,TRAILING_REDUCED_PROFIT
V31-0218,SHOP,2025-04-09,CLOSED,TRAILING_WIN,2025-04-23,6,91.4,10.97,2.0,CLOSED,TARGET,2025-04-23,21.94,4.0,-10.97,TRAILING_REDUCED_PROFIT
V31-0219,SHOP,2025-04-09,CLOSED,TRAILING_WIN,2025-04-23,4,91.4,7.31,2.0,CLOSED,TARGET,2025-04-25,21.94,6.0,-14.63,TRAILING_REDUCED_PROFIT
V31-0220,AVGO,2025-04-22,CLOSED,WIN,2025-04-23,18,169.58,152.62,5.0,CLOSED,TARGET,2025-04-23,152.62,5.0,0.0,NO_MATERIAL_BENEFIT_CLASS
V31-0221,ANET,2025-04-25,CLOSED,TRAILING_WIN,2025-04-28,99,77.91,77.13,1.0,CLOSED,TARGET,2025-05-01,771.31,10.0,-694.18,TRAILING_REDUCED_PROFIT
V31-0222,AMD,2025-05-05,CLOSED,TRAILING_WIN,2025-05-07,77,100.64,154.99,2.0,CLOSED,TARGET,2025-05-12,387.46,5.0,-232.47,TRAILING_REDUCED_PROFIT
V31-0223,AMD,2025-05-12,CLOSED,TRAILING_WIN,2025-05-13,72,108.12,155.69,2.0,CLOSED,TARGET,2025-05-14,389.23,5.0,-233.54,TRAILING_REDUCED_PROFIT
V31-0224,MRVL,2025-05-12,CLOSED,TRAILING_WIN,2025-05-13,73,64.5,94.17,2.0,CLOSED,TIMEOUT,2025-05-22,-193.45,-4.11,287.62,TRAILING_TURNED_LOSS_TO_WIN
V31-0225,SHOP,2025-05-12,CLOSED,TRAILING_WIN,2025-05-13,27,104.34,84.52,3.0,CLOSED,TARGET,2025-05-13,112.69,4.0,-28.17,TRAILING_REDUCED_PROFIT
V31-0226,SHOP,2025-05-12,CLOSED,TRAILING_WIN,2025-05-13,16,104.34,50.08,3.0,CLOSED,TARGET,2025-05-14,100.17,6.0,-50.09,TRAILING_REDUCED_PROFIT
V31-0227,AMD,2025-05-13,CLOSED,WIN,2025-05-14,71,112.46,399.23,5.0,CLOSED,TARGET,2025-05-14,399.23,5.0,0.0,NO_MATERIAL_BENEFIT_CLASS
V31-0228,MRVL,2025-05-13,CLOSED,TRAILING_WIN,2025-05-14,73,65.5,95.63,2.0,CLOSED,TIMEOUT,2025-05-23,-351.13,-7.34,446.76,TRAILING_TURNED_LOSS_TO_WIN
V31-0229,AMD,2025-05-14,CLOSED,LOSS,2025-05-23,69,117.72,-638.92,-7.87,CLOSED,INITIAL_STOP,2025-05-23,-638.92,-7.87,0.0,NO_MATERIAL_BENEFIT_CLASS
V31-0230,TSLA,2025-05-14,CLOSED,TRAILING_WIN,2025-05-16,14,347.68,48.68,1.0,CLOSED,TARGET,2025-05-27,194.7,4.0,-146.02,TRAILING_REDUCED_PROFIT
V31-0231,TSLA,2025-05-14,CLOSED,TRAILING_WIN,2025-05-16,8,347.68,27.81,1.0,CLOSED,TIMEOUT,2025-05-29,86.0,3.09,-58.19,TRAILING_REDUCED_PROFIT
V31-0232,TSLA,2025-05-27,CLOSED,TRAILING_WIN,2025-05-29,22,362.89,79.84,1.0,CLOSED,INITIAL_STOP,2025-06-04,-694.65,-8.7,774.49,TRAILING_TURNED_LOSS_TO_WIN
V31-0233,TSLA,2025-05-27,CLOSED,TRAILING_WIN,2025-05-29,13,362.89,47.18,1.0,CLOSED,INITIAL_STOP,2025-06-05,-615.71,-13.05,662.89,TRAILING_TURNED_LOSS_TO_WIN
V31-0234,MRVL,2025-06-06,CLOSED,TRAILING_WIN,2025-06-09,117,68.35,159.94,2.0,CLOSED,TARGET,2025-06-09,319.88,4.0,-159.94,TRAILING_REDUCED_PROFIT
V31-0235,AMD,2025-06-10,CLOSED,LOSS,2025-06-13,65,123.24,-504.81,-6.3,CLOSED,INITIAL_STOP,2025-06-13,-504.81,-6.3,0.0,NO_MATERIAL_BENEFIT_CLASS
V31-0236,AMD,2025-06-16,CLOSED,TRAILING_WIN,2025-06-17,62,126.39,78.36,1.0,CLOSED,TARGET,2025-06-20,391.81,5.0,-313.45,TRAILING_REDUCED_PROFIT
V31-0237,ANET,2025-06-16,CLOSED,TRAILING_WIN,2025-06-25,50,95.09,47.55,1.0,CLOSED,TARGET,2025-07-09,475.45,10.0,-427.9,TRAILING_REDUCED_PROFIT
V31-0238,MRVL,2025-06-18,CLOSED,TRAILING_WIN,2025-06-20,80,74.95,179.88,3.0,CLOSED,TARGET,2025-06-26,239.84,4.0,-59.96,TRAILING_REDUCED_PROFIT
V31-0239,NVDA,2025-06-24,CLOSED,TRAILING_WIN,2025-06-25,41,147.9,121.28,2.0,CLOSED,TARGET,2025-07-09,606.39,10.0,-485.11,TRAILING_REDUCED_PROFIT
V31-0240,AMD,2025-06-24,CLOSED,TRAILING_WIN,2025-06-25,26,138.43,71.98,2.0,CLOSED,TARGET,2025-06-27,179.96,5.0,-107.98,TRAILING_REDUCED_PROFIT
V31-0241,NVDA,2025-06-25,CLOSED,TRAILING_WIN,2025-06-26,52,154.31,80.24,1.0,CLOSED,TARGET,2025-07-15,802.41,10.0,-722.17,TRAILING_REDUCED_PROFIT
V31-0242,AMD,2025-06-25,CLOSED,TRAILING_WIN,2025-06-27,34,143.4,146.27,3.0,CLOSED,TIMEOUT,2025-07-10,25.84,0.53,120.43,TRAILING_IMPROVED_PROFIT
V31-0243,NVDA,2025-06-26,CLOSED,TRAILING_WIN,2025-06-27,39,155.02,60.46,1.0,CLOSED,TARGET,2025-07-15,604.58,10.0,-544.12,TRAILING_REDUCED_PROFIT
V31-0244,MRVL,2025-06-26,CLOSED,LOSS,2025-07-07,47,79.97,-355.5,-9.46,CLOSED,INITIAL_STOP,2025-07-07,-355.5,-9.46,0.0,NO_MATERIAL_BENEFIT_CLASS
V31-0245,NVDA,2025-06-27,CLOSED,TRAILING_WIN,2025-07-03,42,157.75,132.51,2.0,CLOSED,TARGET,2025-07-17,662.55,10.0,-530.04,TRAILING_REDUCED_PROFIT
V31-0246,NVDA,2025-07-03,CLOSED,TRAILING_WIN,2025-07-09,42,159.17,200.55,3.0,CLOSED,TARGET,2025-07-28,668.51,10.0,-467.96,TRAILING_REDUCED_PROFIT
V31-0247,NVDA,2025-07-09,CLOSED,TRAILING_WIN,2025-07-11,50,162.88,81.44,1.0,CLOSED,TARGET,2025-07-29,814.4,10.0,-732.96,TRAILING_REDUCED_PROFIT
V31-0248,NVDA,2025-07-11,CLOSED,TRAILING_WIN,2025-07-15,49,164.92,323.24,4.0,CLOSED,TARGET,2025-07-31,808.11,10.0,-484.87,TRAILING_REDUCED_PROFIT
V31-0249,NVDA,2025-07-15,CLOSED,TRAILING_WIN,2025-07-17,49,170.7,167.29,2.0,CLOSED,TIMEOUT,2025-08-13,533.61,6.38,-366.32,TRAILING_REDUCED_PROFIT
V31-0250,AMD,2025-07-15,CLOSED,TRAILING_WIN,2025-07-16,32,155.61,49.8,1.0,CLOSED,TARGET,2025-07-24,248.98,5.0,-199.18,TRAILING_REDUCED_PROFIT
V31-0251,AMD,2025-07-16,CLOSED,TRAILING_WIN,2025-07-17,31,160.08,49.62,1.0,CLOSED,TARGET,2025-07-28,248.12,5.0,-198.5,TRAILING_REDUCED_PROFIT
V31-0252,NVDA,2025-07-17,CLOSED,TRAILING_WIN,2025-07-28,49,173.0,84.77,1.0,CLOSED,TIMEOUT,2025-08-15,365.05,4.31,-280.28,TRAILING_REDUCED_PROFIT
V31-0253,AMD,2025-07-17,CLOSED,LOSS,2025-07-22,31,160.41,-339.54,-6.83,CLOSED,INITIAL_STOP,2025-07-22,-339.54,-6.83,0.0,NO_MATERIAL_BENEFIT_CLASS
V31-0254,AMD,2025-07-24,CLOSED,TRAILING_WIN,2025-07-25,30,162.12,48.64,1.0,CLOSED,TARGET,2025-07-28,243.18,5.0,-194.54,TRAILING_REDUCED_PROFIT
V31-0255,LRCX,2025-07-24,CLOSED,TRAILING_WIN,2025-07-28,30,97.78,29.33,1.0,CLOSED,INITIAL_STOP,2025-07-31,-47.7,-1.63,77.03,TRAILING_TURNED_LOSS_TO_WIN
V31-0256,AMD,2025-07-25,CLOSED,TRAILING_WIN,2025-07-28,22,166.47,109.87,3.0,CLOSED,TARGET,2025-07-29,183.12,5.0,-73.25,TRAILING_REDUCED_PROFIT
V31-0257,NVDA,2025-07-28,CLOSED,TRAILING_WIN,2025-07-29,47,176.75,83.07,1.0,CLOSED,TIMEOUT,2025-08-26,235.94,2.84,-152.87,TRAILING_REDUCED_PROFIT
V31-0258,AMD,2025-07-28,CLOSED,TRAILING_WIN,2025-07-29,29,173.66,151.08,3.0,CLOSED,TARGET,2025-07-31,251.81,5.0,-100.73,TRAILING_REDUCED_PROFIT
V31-0259,LRCX,2025-07-28,CLOSED,TRAILING_WIN,2025-07-29,31,98.62,30.57,1.0,CLOSED,INITIAL_STOP,2025-07-31,-75.33,-2.46,105.9,TRAILING_TURNED_LOSS_TO_WIN
V31-0260,AMD,2025-07-29,CLOSED,TRAILING_WIN,2025-07-30,48,177.44,85.17,1.0,CLOSED,INITIAL_STOP,2025-08-06,-615.04,-7.22,700.21,TRAILING_TURNED_LOSS_TO_WIN
V31-0261,LRCX,2025-07-30,CLOSED,LOSS,2025-07-31,86,99.09,-238.22,-2.8,CLOSED,INITIAL_STOP,2025-07-31,-238.22,-2.8,0.0,NO_MATERIAL_BENEFIT_CLASS
V31-0262,MRVL,2025-07-30,CLOSED,TRAILING_WIN,2025-07-31,63,81.74,51.5,1.0,CLOSED,INITIAL_STOP,2025-08-01,-373.16,-7.25,424.66,TRAILING_TURNED_LOSS_TO_WIN
V31-0263,LRCX,2025-08-01,CLOSED,TRAILING_WIN,2025-08-04,88,96.37,84.81,1.0,CLOSED,TARGET,2025-08-08,339.22,4.0,-254.41,TRAILING_REDUCED_PROFIT
V31-0264,AMD,2025-08-13,CLOSED,LOSS,2025-08-19,46,184.42,-789.33,-9.3,CLOSED,INITIAL_STOP,2025-08-19,-789.33,-9.3,0.0,NO_MATERIAL_BENEFIT_CLASS
V31-0265,PANW,2025-08-13,CLOSED,WIN,2025-08-19,29,176.86,205.16,4.0,CLOSED,TARGET,2025-08-19,205.16,4.0,0.0,NO_MATERIAL_BENEFIT_CLASS
V31-0266,PANW,2025-08-13,CLOSED,WIN,2025-08-19,17,176.86,180.4,6.0,CLOSED,TARGET,2025-08-19,180.4,6.0,0.0,NO_MATERIAL_BENEFIT_CLASS
V31-0267,LRCX,2025-08-19,CLOSED,TRAILING_WIN,2025-08-22,83,100.33,83.27,1.0,CLOSED,TARGET,2025-09-08,499.64,6.0,-416.37,TRAILING_REDUCED_PROFIT
V31-0268,SHOP,2025-08-22,CLOSED,TRAILING_WIN,2025-08-28,59,142.11,83.84,1.0,CLOSED,INITIAL_STOP,2025-09-02,-434.24,-5.18,518.08,TRAILING_TURNED_LOSS_TO_WIN
V31-0269,SHOP,2025-08-22,CLOSED,TRAILING_WIN,2025-08-28,35,142.11,49.74,1.0,CLOSED,TARGET,2025-09-18,298.43,6.0,-248.69,TRAILING_REDUCED_PROFIT
V31-0270,AVGO,2025-08-26,CLOSED,TRAILING_WIN,2025-08-27,10,298.01,29.8,1.0,CLOSED,TARGET,2025-09-05,149.01,5.0,-119.21,TRAILING_REDUCED_PROFIT
V31-0271,LRCX,2025-09-03,CLOSED,TRAILING_WIN,2025-09-04,86,97.74,168.11,2.0,CLOSED,TARGET,2025-09-08,504.34,6.0,-336.23,TRAILING_REDUCED_PROFIT
V31-0272,LRCX,2025-09-04,CLOSED,TRAILING_WIN,2025-09-05,85,100.42,170.71,2.0,CLOSED,TARGET,2025-09-10,512.14,6.0,-341.43,TRAILING_REDUCED_PROFIT
V31-0273,NVDA,2025-09-09,CLOSED,TRAILING_WIN,2025-09-10,50,170.76,341.52,4.0,CLOSED,TARGET,2025-09-11,426.9,5.0,-85.38,TRAILING_REDUCED_PROFIT
V31-0274,TSLA,2025-09-11,CLOSED,WIN,2025-09-12,23,368.81,339.31,4.0,CLOSED,TARGET,2025-09-12,339.31,4.0,0.0,NO_MATERIAL_BENEFIT_CLASS
V31-0275,TSLA,2025-09-11,CLOSED,TRAILING_WIN,2025-09-12,14,368.81,206.53,4.0,CLOSED,TARGET,2025-09-12,309.8,6.0,-103.27,TRAILING_REDUCED_PROFIT
V31-0276,TSLA,2025-09-12,CLOSED,WIN,2025-09-15,22,395.94,348.43,4.0,CLOSED,TARGET,2025-09-15,348.43,4.0,0.0,NO_MATERIAL_BENEFIT_CLASS
V31-0277,TSLA,2025-09-12,CLOSED,WIN,2025-09-15,13,395.94,308.83,6.0,CLOSED,TARGET,2025-09-15,308.83,6.0,0.0,NO_MATERIAL_BENEFIT_CLASS
V31-0278,TSLA,2025-09-15,CLOSED,TRAILING_WIN,2025-09-16,22,410.04,90.21,1.0,CLOSED,TARGET,2025-09-17,360.84,4.0,-270.63,TRAILING_REDUCED_PROFIT
V31-0279,TSLA,2025-09-15,CLOSED,TRAILING_WIN,2025-09-16,13,410.04,53.31,1.0,CLOSED,TARGET,2025-09-22,319.83,6.0,-266.52,TRAILING_REDUCED_PROFIT
V31-0280,TSLA,2025-09-17,CLOSED,TRAILING_WIN,2025-09-18,21,425.86,89.43,1.0,CLOSED,TARGET,2025-09-22,357.72,4.0,-268.29,TRAILING_REDUCED_PROFIT
V31-0281,TSLA,2025-09-17,CLOSED,TRAILING_WIN,2025-09-18,13,425.86,55.36,1.0,CLOSED,TARGET,2025-10-01,332.17,6.0,-276.81,TRAILING_REDUCED_PROFIT
V31-0282,TSLA,2025-09-22,CLOSED,TRAILING_WIN,2025-09-23,21,434.21,91.18,1.0,CLOSED,TARGET,2025-10-01,364.74,4.0,-273.56,TRAILING_REDUCED_PROFIT
V31-0283,TSLA,2025-09-22,CLOSED,TRAILING_WIN,2025-09-23,13,434.21,56.45,1.0,CLOSED,TARGET,2025-10-01,338.68,6.0,-282.23,TRAILING_REDUCED_PROFIT
V31-0284,MRVL,2025-09-24,CLOSED,TRAILING_WIN,2025-09-25,117,80.09,281.12,3.0,CLOSED,TARGET,2025-09-25,374.82,4.0,-93.7,TRAILING_REDUCED_PROFIT
V31-0285,MRVL,2025-09-25,CLOSED,TRAILING_WIN,2025-09-29,113,83.81,94.71,1.0,CLOSED,TARGET,2025-10-02,378.82,4.0,-284.11,TRAILING_REDUCED_PROFIT
V31-0286,NVDA,2025-09-30,CLOSED,TRAILING_WIN,2025-10-02,51,186.58,190.31,2.0,CLOSED,TARGET,2025-10-29,951.56,10.0,-761.25,TRAILING_REDUCED_PROFIT
V31-0287,AVGO,2025-10-01,CLOSED,TRAILING_WIN,2025-10-02,17,333.39,226.71,4.0,CLOSED,TARGET,2025-10-10,283.38,5.0,-56.67,TRAILING_REDUCED_PROFIT
V31-0288,TSLA,2025-10-01,CLOSED,TRAILING_WIN,2025-10-02,7,459.46,64.32,2.0,CLOSED,INITIAL_STOP,2025-10-03,-259.07,-8.06,323.39,TRAILING_TURNED_LOSS_TO_WIN
V31-0289,TSLA,2025-10-01,CLOSED,TRAILING_WIN,2025-10-02,4,459.46,36.76,2.0,CLOSED,TIMEOUT,2025-10-15,-97.0,-5.28,133.76,TRAILING_TURNED_LOSS_TO_WIN
V31-0290,NVDA,2025-10-02,CLOSED,TRAILING_WIN,2025-10-09,51,188.89,192.67,2.0,CLOSED,TARGET,2025-10-29,963.34,10.0,-770.67,TRAILING_REDUCED_PROFIT
V31-0291,AMD,2025-10-02,CLOSED,WIN,2025-10-06,34,169.73,288.54,5.0,CLOSED,TARGET,2025-10-06,288.54,5.0,0.0,NO_MATERIAL_BENEFIT_CLASS
V31-0292,AMD,2025-10-06,CLOSED,WIN,2025-10-07,29,203.71,295.38,5.0,CLOSED,TARGET,2025-10-07,295.38,5.0,0.0,NO_MATERIAL_BENEFIT_CLASS
V31-0293,AVGO,2025-10-07,CLOSED,TRAILING_WIN,2025-10-08,18,336.41,60.55,1.0,CLOSED,INITIAL_STOP,2025-10-10,-213.84,-3.53,274.39,TRAILING_TURNED_LOSS_TO_WIN
V31-0294,AMD,2025-10-08,CLOSED,TRAILING_WIN,2025-10-09,26,235.56,61.25,1.0,CLOSED,TIMEOUT,2025-10-22,-139.37,-2.28,200.62,TRAILING_TURNED_LOSS_TO_WIN
V31-0295,NVDA,2025-10-09,CLOSED,TRAILING_WIN,2025-10-10,52,192.57,100.14,1.0,CLOSED,TARGET,2025-10-29,1001.36,10.0,-901.22,TRAILING_REDUCED_PROFIT
V31-0296,LRCX,2025-10-13,CLOSED,TRAILING_WIN,2025-10-14,73,137.81,100.6,1.0,CLOSED,TARGET,2025-10-15,402.41,4.0,-301.81,TRAILING_REDUCED_PROFIT
V31-0297,LRCX,2025-10-14,CLOSED,WIN,2025-10-15,73,138.31,403.87,4.0,CLOSED,TARGET,2025-10-15,403.87,4.0,0.0,NO_MATERIAL_BENEFIT_CLASS
V31-0298,LRCX,2025-10-15,CLOSED,TRAILING_WIN,2025-10-16,71,144.78,102.79,1.0,CLOSED,TARGET,2025-10-24,411.18,4.0,-308.39,TRAILING_REDUCED_PROFIT
V31-0299,MRVL,2025-10-15,CLOSED,TRAILING_WIN,2025-10-16,70,88.89,124.45,2.0,CLOSED,TARGET,2025-10-31,373.34,6.0,-248.89,TRAILING_REDUCED_PROFIT
V31-0300,AVGO,2025-10-23,CLOSED,TRAILING_WIN,2025-10-24,30,344.28,309.85,3.0,CLOSED,TARGET,2025-10-27,516.42,5.0,-206.57,TRAILING_REDUCED_PROFIT
V31-0301,AMD,2025-10-24,CLOSED,TRAILING_WIN,2025-10-27,41,252.8,207.3,2.0,CLOSED,TARGET,2025-10-29,518.24,5.0,-310.94,TRAILING_REDUCED_PROFIT
V31-0302,AMD,2025-10-27,CLOSED,TRAILING_WIN,2025-10-28,41,259.6,106.44,1.0,CLOSED,INITIAL_STOP,2025-11-07,-1071.24,-10.06,1177.68,TRAILING_TURNED_LOSS_TO_WIN
V31-0303,NVDA,2025-10-28,CLOSED,TRAILING_WIN,2025-10-29,53,201.03,532.73,5.0,CLOSED,INITIAL_STOP,2025-11-07,-1013.73,-9.51,1546.46,TRAILING_TURNED_LOSS_TO_WIN
V31-0304,NVDA,2025-10-29,CLOSED,TRAILING_WIN,2025-11-03,52,207.04,107.66,1.0,CLOSED,INITIAL_STOP,2025-11-06,-1049.98,-9.75,1157.64,TRAILING_TURNED_LOSS_TO_WIN
V31-0305,AVGO,2025-11-10,CLOSED,LOSS,2025-11-13,30,358.39,-633.6,-5.89,CLOSED,INITIAL_STOP,2025-11-13,-633.6,-5.89,0.0,NO_MATERIAL_BENEFIT_CLASS
V31-0306,SHOP,2025-11-10,CLOSED,TRAILING_WIN,2025-11-12,42,158.88,66.73,1.0,CLOSED,INITIAL_STOP,2025-11-13,-504.0,-7.55,570.73,TRAILING_TURNED_LOSS_TO_WIN
V31-0307,SHOP,2025-11-10,CLOSED,TRAILING_WIN,2025-11-12,25,158.88,39.72,1.0,CLOSED,INITIAL_STOP,2025-11-13,-343.0,-8.64,382.72,TRAILING_TURNED_LOSS_TO_WIN
V31-0308,ANET,2025-11-12,CLOSED,LOSS,2025-11-13,49,134.98,-125.93,-1.9,CLOSED,INITIAL_STOP,2025-11-13,-125.93,-1.9,0.0,NO_MATERIAL_BENEFIT_CLASS
V31-0309,SHOP,2025-11-18,CLOSED,TRAILING_WIN,2025-11-19,76,140.45,213.48,2.0,CLOSED,TARGET,2025-11-19,426.97,4.0,-213.49,TRAILING_REDUCED_PROFIT
V31-0310,SHOP,2025-11-18,CLOSED,TRAILING_WIN,2025-11-19,45,140.45,126.4,2.0,CLOSED,TARGET,2025-11-20,379.22,6.0,-252.82,TRAILING_REDUCED_PROFIT
V31-0311,AVGO,2025-11-19,CLOSED,TRAILING_WIN,2025-11-20,30,354.42,425.3,4.0,CLOSED,TARGET,2025-11-26,1063.26,10.0,-637.96,TRAILING_REDUCED_PROFIT
V31-0312,MRVL,2025-11-19,CLOSED,TRAILING_WIN,2025-11-20,81,81.32,197.61,3.0,CLOSED,INITIAL_STOP,2025-11-20,-233.28,-3.54,430.89,TRAILING_TURNED_LOSS_TO_WIN
V31-0313,SHOP,2025-11-19,CLOSED,WIN,2025-11-20,27,146.0,157.68,4.0,CLOSED,TARGET,2025-11-20,157.68,4.0,0.0,NO_MATERIAL_BENEFIT_CLASS
V31-0314,SHOP,2025-11-19,CLOSED,WIN,2025-11-20,16,146.0,140.16,6.0,CLOSED,TARGET,2025-11-20,140.16,6.0,0.0,NO_MATERIAL_BENEFIT_CLASS
V31-0315,LRCX,2025-11-21,CLOSED,TRAILING_WIN,2025-11-24,78,142.65,333.8,3.0,CLOSED,TARGET,2025-11-24,667.6,6.0,-333.8,TRAILING_REDUCED_PROFIT
V31-0316,MRVL,2025-11-21,CLOSED,TRAILING_WIN,2025-11-24,87,77.45,134.76,2.0,CLOSED,TARGET,2025-11-24,404.29,6.0,-269.53,TRAILING_REDUCED_PROFIT
V31-0317,ANET,2025-11-25,CLOSED,TRAILING_WIN,2025-11-26,91,125.04,227.57,2.0,CLOSED,TARGET,2025-11-28,568.93,5.0,-341.36,TRAILING_REDUCED_PROFIT
V31-0318,NVDA,2025-12-01,CLOSED,TRAILING_WIN,2025-12-02,63,179.92,340.05,3.0,CLOSED,TIMEOUT,2025-12-15,-228.69,-2.02,568.74,TRAILING_TURNED_LOSS_TO_WIN
V31-0319,MRVL,2025-12-03,CLOSED,TRAILING_WIN,2025-12-04,116,100.2,116.23,1.0,CLOSED,INITIAL_STOP,2025-12-08,-1239.08,-10.66,1355.31,TRAILING_TURNED_LOSS_TO_WIN
V31-0320,NVDA,2025-12-04,CLOSED,TRAILING_WIN,2025-12-08,63,183.38,115.53,1.0,CLOSED,TIMEOUT,2025-12-18,-582.12,-5.04,697.65,TRAILING_TURNED_LOSS_TO_WIN
V31-0321,ANET,2025-12-09,CLOSED,TRAILING_WIN,2025-12-10,90,130.04,351.11,3.0,CLOSED,TIMEOUT,2026-01-09,-643.5,-5.5,994.61,TRAILING_TURNED_LOSS_TO_WIN
V31-0322,MRVL,2025-12-10,CLOSED,TRAILING_WIN,2026-01-05,128,92.47,118.36,1.0,CLOSED,TIMEOUT,2026-01-16,-1537.28,-12.99,1655.64,TRAILING_TURNED_LOSS_TO_WIN
V31-0323,ANET,2025-12-11,CLOSED,TRAILING_WIN,2026-01-02,53,134.39,71.23,1.0,CLOSED,INITIAL_STOP,2026-01-12,-716.63,-10.06,787.86,TRAILING_TURNED_LOSS_TO_WIN
V31-0324,TSLA,2025-12-15,CLOSED,TRAILING_WIN,2025-12-16,9,475.31,42.78,1.0,CLOSED,TARGET,2025-12-17,171.11,4.0,-128.33,TRAILING_REDUCED_PROFIT
V31-0325,TSLA,2025-12-15,CLOSED,TRAILING_WIN,2025-12-16,5,475.31,23.77,1.0,CLOSED,TIMEOUT,2025-12-30,-104.4,-4.39,128.17,TRAILING_TURNED_LOSS_TO_WIN
V31-0326,TSLA,2025-12-16,CLOSED,TRAILING_WIN,2025-12-17,8,489.88,39.19,1.0,CLOSED,INITIAL_STOP,2025-12-29,-234.96,-6.0,274.15,TRAILING_TURNED_LOSS_TO_WIN
V31-0327,TSLA,2025-12-16,CLOSED,TRAILING_WIN,2025-12-17,5,489.88,24.49,1.0,CLOSED,TIMEOUT,2025-12-31,-200.8,-8.2,225.29,TRAILING_TURNED_LOSS_TO_WIN
V31-0328,AVGO,2025-12-19,CLOSED,TRAILING_WIN,2025-12-22,12,340.36,40.84,1.0,CLOSED,TIMEOUT,2026-01-22,-178.44,-4.37,219.28,TRAILING_TURNED_LOSS_TO_WIN
V31-0329,AVGO,2025-12-23,CLOSED,TRAILING_WIN,2025-12-24,12,349.32,41.92,1.0,CLOSED,TIMEOUT,2026-01-08,-202.08,-4.82,244.0,TRAILING_TURNED_LOSS_TO_WIN
V31-0330,AVGO,2026-01-05,CLOSED,TRAILING_WIN,2026-01-06,35,343.42,120.2,1.0,CLOSED,INITIAL_STOP,2026-01-23,-770.0,-6.41,890.2,TRAILING_TURNED_LOSS_TO_WIN
V31-0331,SHOP,2026-01-05,CLOSED,TRAILING_WIN,2026-01-07,43,166.21,71.47,1.0,CLOSED,INITIAL_STOP,2026-01-14,-475.58,-6.65,547.05,TRAILING_TURNED_LOSS_TO_WIN
V31-0332,SHOP,2026-01-05,CLOSED,TRAILING_WIN,2026-01-07,26,166.21,43.21,1.0,CLOSED,INITIAL_STOP,2026-01-14,-287.56,-6.65,330.77,TRAILING_TURNED_LOSS_TO_WIN
V31-0333,AVGO,2026-01-09,CLOSED,TRAILING_WIN,2026-01-12,35,344.97,241.48,2.0,CLOSED,INITIAL_STOP,2026-01-21,-506.45,-4.19,747.93,TRAILING_TURNED_LOSS_TO_WIN
V31-0334,ANET,2026-01-13,CLOSED,TRAILING_WIN,2026-01-15,94,129.93,122.13,1.0,CLOSED,TARGET,2026-01-22,1221.34,10.0,-1099.21,TRAILING_REDUCED_PROFIT
V31-0335,AMD,2026-01-21,CLOSED,TRAILING_WIN,2026-01-22,49,250.1944,122.59,1.0,CLOSED,TARGET,2026-01-23,612.98,5.0,-490.39,TRAILING_REDUCED_PROFIT
V31-0336,AMD,2026-01-22,CLOSED,WIN,2026-01-23,48,253.73,608.95,5.0,CLOSED,TARGET,2026-01-23,608.95,5.0,0.0,NO_MATERIAL_BENEFIT_CLASS
V31-0337,AMD,2026-01-23,CLOSED,LOSS,2026-01-30,48,259.68,-1075.2,-8.63,CLOSED,INITIAL_STOP,2026-01-30,-1075.2,-8.63,0.0,NO_MATERIAL_BENEFIT_CLASS
V31-0338,SHOP,2026-01-23,CLOSED,TRAILING_WIN,2026-01-28,54,137.89,74.46,1.0,CLOSED,TARGET,2026-01-29,297.84,4.0,-223.38,TRAILING_REDUCED_PROFIT
V31-0339,SHOP,2026-01-23,CLOSED,TRAILING_WIN,2026-01-28,33,137.89,45.5,1.0,CLOSED,INITIAL_STOP,2026-01-30,-105.93,-2.33,151.43,TRAILING_TURNED_LOSS_TO_WIN
V31-0340,AVGO,2026-01-26,CLOSED,TRAILING_WIN,2026-01-27,8,324.85,25.99,1.0,CLOSED,INITIAL_STOP,2026-02-03,-85.92,-3.31,111.91,TRAILING_TURNED_LOSS_TO_WIN
V31-0341,AVGO,2026-01-29,CLOSED,TRAILING_WIN,2026-01-30,23,330.73,76.07,1.0,CLOSED,INITIAL_STOP,2026-02-03,-382.26,-5.03,458.33,TRAILING_TURNED_LOSS_TO_WIN
V31-0342,SHOP,2026-01-29,CLOSED,LOSS,2026-01-30,31,143.64,-277.76,-6.24,CLOSED,INITIAL_STOP,2026-01-30,-277.76,-6.24,0.0,NO_MATERIAL_BENEFIT_CLASS
V31-0343,SHOP,2026-01-29,CLOSED,LOSS,2026-01-30,19,143.64,-170.24,-6.24,CLOSED,INITIAL_STOP,2026-01-30,-170.24,-6.24,0.0,NO_MATERIAL_BENEFIT_CLASS
V31-0344,SHOP,2026-02-02,CLOSED,LOSS,2026-02-03,91,132.2,-161.07,-1.34,CLOSED,INITIAL_STOP,2026-02-03,-161.07,-1.34,0.0,NO_MATERIAL_BENEFIT_CLASS
V31-0345,SHOP,2026-02-02,CLOSED,LOSS,2026-02-03,54,132.2,-95.58,-1.34,CLOSED,INITIAL_STOP,2026-02-03,-95.58,-1.34,0.0,NO_MATERIAL_BENEFIT_CLASS
V31-0346,AVGO,2026-02-04,CLOSED,TRAILING_WIN,2026-02-05,38,308.05,585.3,5.0,CLOSED,TARGET,2026-02-09,1170.59,10.0,-585.29,TRAILING_REDUCED_PROFIT
V31-0347,MRVL,2026-02-05,CLOSED,TRAILING_WIN,2026-02-06,163,74.21,604.81,5.0,CLOSED,TARGET,2026-02-06,725.77,6.0,-120.96,TRAILING_REDUCED_PROFIT
V31-0348,AVGO,2026-02-06,CLOSED,TRAILING_WIN,2026-02-09,37,332.92,123.18,1.0,CLOSED,TARGET,2026-02-09,615.9,5.0,-492.72,TRAILING_REDUCED_PROFIT
V31-0349,MRVL,2026-02-06,CLOSED,TRAILING_WIN,2026-02-09,93,80.28,74.66,1.0,CLOSED,TARGET,2026-03-06,447.96,6.0,-373.3,TRAILING_REDUCED_PROFIT
V31-0350,SHOP,2026-02-10,CLOSED,WIN,2026-02-11,98,127.24,498.78,4.0,CLOSED,TARGET,2026-02-11,498.78,4.0,0.0,NO_MATERIAL_BENEFIT_CLASS
V31-0351,SHOP,2026-02-10,CLOSED,WIN,2026-02-11,58,127.24,442.8,6.0,CLOSED,TARGET,2026-02-11,442.8,6.0,0.0,NO_MATERIAL_BENEFIT_CLASS
V31-0352,PANW,2026-02-12,CLOSED,TRAILING_WIN,2026-02-13,79,162.81,257.24,2.0,CLOSED,TARGET,2026-02-13,514.48,4.0,-257.24,TRAILING_REDUCED_PROFIT
V31-0353,PANW,2026-02-12,CLOSED,TRAILING_WIN,2026-02-13,47,162.81,153.04,2.0,CLOSED,INITIAL_STOP,2026-02-18,-521.7,-6.82,674.74,TRAILING_TURNED_LOSS_TO_WIN
V31-0354,AVGO,2026-02-24,CLOSED,TRAILING_WIN,2026-02-25,40,325.49,390.59,3.0,CLOSED,INITIAL_STOP,2026-02-26,-441.6,-3.39,832.19,TRAILING_TURNED_LOSS_TO_WIN
V31-0355,ANET,2026-02-24,CLOSED,TRAILING_WIN,2026-02-25,60,128.77,77.26,1.0,CLOSED,INITIAL_STOP,2026-03-03,-263.4,-3.41,340.66,TRAILING_TURNED_LOSS_TO_WIN
V31-0356,AVGO,2026-03-04,CLOSED,TRAILING_WIN,2026-03-05,41,317.53,520.75,4.0,CLOSED,TARGET,2026-03-05,650.94,5.0,-130.19,TRAILING_REDUCED_PROFIT
V31-0357,AVGO,2026-03-04,CLOSED,TRAILING_WIN,2026-03-05,25,317.53,317.53,4.0,CLOSED,TARGET,2026-03-10,793.83,10.0,-476.3,TRAILING_REDUCED_PROFIT
V31-0358,ANET,2026-03-04,CLOSED,TRAILING_WIN,2026-03-05,35,134.83,47.19,1.0,CLOSED,INITIAL_STOP,2026-03-27,-436.1,-9.24,483.29,TRAILING_TURNED_LOSS_TO_WIN
V31-0359,MRVL,2026-03-06,CLOSED,TRAILING_WIN,2026-03-09,151,89.57,135.25,1.0,CLOSED,TARGET,2026-03-10,541.0,4.0,-405.75,TRAILING_REDUCED_PROFIT
V31-0360,MRVL,2026-03-06,CLOSED,TRAILING_WIN,2026-03-09,91,89.57,81.51,1.0,CLOSED,TARGET,2026-03-10,489.05,6.0,-407.54,TRAILING_REDUCED_PROFIT
V31-0361,LRCX,2026-03-09,CLOSED,TRAILING_WIN,2026-03-10,64,211.15,270.27,2.0,CLOSED,TARGET,2026-03-17,810.82,6.0,-540.55,TRAILING_REDUCED_PROFIT
V31-0362,ANET,2026-03-13,CLOSED,TRAILING_WIN,2026-03-16,103,133.57,137.58,1.0,CLOSED,INITIAL_STOP,2026-03-27,-1153.6,-8.39,1291.18,TRAILING_TURNED_LOSS_TO_WIN
V31-0363,MRVL,2026-03-16,CLOSED,TRAILING_WIN,2026-03-17,150,91.58,274.74,2.0,CLOSED,TARGET,2026-03-25,824.22,6.0,-549.48,TRAILING_REDUCED_PROFIT
V31-0364,ANET,2026-03-18,CLOSED,TRAILING_WIN,2026-03-23,102,136.07,138.79,1.0,CLOSED,INITIAL_STOP,2026-03-27,-1397.4,-10.07,1536.19,TRAILING_TURNED_LOSS_TO_WIN
V31-0365,AVGO,2026-03-23,CLOSED,LOSS,2026-03-27,43,322.51,-602.0,-4.34,CLOSED,INITIAL_STOP,2026-03-27,-602.0,-4.34,0.0,NO_MATERIAL_BENEFIT_CLASS
V31-0366,AMD,2026-03-25,CLOSED,LOSS,2026-03-26,38,220.27,-639.43,-7.64,CLOSED,INITIAL_STOP,2026-03-26,-639.43,-7.64,0.0,NO_MATERIAL_BENEFIT_CLASS
V31-0367,NVDA,2026-03-27,CLOSED,TRAILING_WIN,2026-03-30,80,167.52,134.02,1.0,CLOSED,INITIAL_STOP,2026-03-30,-67.01,-0.5,201.03,TRAILING_TURNED_LOSS_TO_WIN
V31-0368,PANW,2026-03-30,CLOSED,TRAILING_WIN,2026-03-31,87,154.35,134.28,1.0,CLOSED,TARGET,2026-03-31,537.14,4.0,-402.86,TRAILING_REDUCED_PROFIT
V31-0369,PANW,2026-03-30,CLOSED,TRAILING_WIN,2026-03-31,52,154.35,80.26,1.0,CLOSED,TARGET,2026-04-06,481.57,6.0,-401.31,TRAILING_REDUCED_PROFIT
V31-0370,AVGO,2026-03-31,CLOSED,TRAILING_WIN,2026-04-01,44,309.51,136.18,1.0,CLOSED,TARGET,2026-04-07,680.92,5.0,-544.74,TRAILING_REDUCED_PROFIT
V31-0371,AVGO,2026-03-31,CLOSED,TRAILING_WIN,2026-04-01,26,309.51,80.47,1.0,CLOSED,TARGET,2026-04-08,804.73,10.0,-724.26,TRAILING_REDUCED_PROFIT
V31-0372,ANET,2026-03-31,CLOSED,TRAILING_WIN,2026-04-01,40,122.78,147.34,3.0,CLOSED,TARGET,2026-04-07,245.56,5.0,-98.22,TRAILING_REDUCED_PROFIT
V31-0373,ANET,2026-03-31,CLOSED,TRAILING_WIN,2026-04-01,24,122.78,88.4,3.0,CLOSED,TARGET,2026-04-08,294.67,10.0,-206.27,TRAILING_REDUCED_PROFIT
V31-0374,LRCX,2026-03-31,CLOSED,TRAILING_WIN,2026-04-01,8,213.66,34.19,2.0,CLOSED,TARGET,2026-04-08,102.56,6.0,-68.37,TRAILING_REDUCED_PROFIT
V31-0375,MRVL,2026-03-31,CLOSED,TRAILING_WIN,2026-04-01,11,99.05,54.48,5.0,CLOSED,TARGET,2026-04-01,65.37,6.0,-10.89,TRAILING_REDUCED_PROFIT
V31-0376,MRVL,2026-04-01,CLOSED,WIN,2026-04-06,129,106.71,550.62,4.0,CLOSED,TARGET,2026-04-06,550.62,4.0,0.0,NO_MATERIAL_BENEFIT_CLASS
V31-0377,ANET,2026-04-07,CLOSED,TRAILING_WIN,2026-04-08,105,133.64,1122.58,8.0,CLOSED,TARGET,2026-04-10,1403.22,10.0,-280.64,TRAILING_REDUCED_PROFIT
V31-0378,AMD,2026-04-08,CLOSED,TRAILING_WIN,2026-04-09,62,231.82,143.73,1.0,CLOSED,TARGET,2026-04-10,718.64,5.0,-574.91,TRAILING_REDUCED_PROFIT
V31-0379,LRCX,2026-04-08,CLOSED,TRAILING_WIN,2026-04-09,35,246.49,172.54,2.0,CLOSED,TARGET,2026-04-09,345.09,4.0,-172.55,TRAILING_REDUCED_PROFIT
V31-0380,MRVL,2026-04-08,CLOSED,WIN,2026-04-09,46,114.45,210.59,4.0,CLOSED,TARGET,2026-04-09,210.59,4.0,0.0,NO_MATERIAL_BENEFIT_CLASS
V31-0381,AMD,2026-04-09,CLOSED,TRAILING_WIN,2026-04-10,62,236.64,440.15,3.0,CLOSED,TARGET,2026-04-10,733.58,5.0,-293.43,TRAILING_REDUCED_PROFIT
V31-0382,MRVL,2026-04-09,CLOSED,WIN,2026-04-10,73,119.93,350.2,4.0,CLOSED,TARGET,2026-04-10,350.2,4.0,0.0,NO_MATERIAL_BENEFIT_CLASS
V31-0383,AMD,2026-04-10,CLOSED,TRAILING_WIN,2026-04-14,61,245.04,298.95,2.0,CLOSED,TARGET,2026-04-15,747.37,5.0,-448.42,TRAILING_REDUCED_PROFIT
V31-0384,MRVL,2026-04-10,CLOSED,TRAILING_WIN,2026-04-13,70,128.49,269.83,3.0,CLOSED,TARGET,2026-04-14,359.77,4.0,-89.94,TRAILING_REDUCED_PROFIT
V31-0385,MRVL,2026-04-13,CLOSED,WIN,2026-04-14,69,131.3,362.39,4.0,CLOSED,TARGET,2026-04-14,362.39,4.0,0.0,NO_MATERIAL_BENEFIT_CLASS
V31-0386,AMD,2026-04-14,CLOSED,WIN,2026-04-16,60,255.07,765.21,5.0,CLOSED,TARGET,2026-04-16,765.21,5.0,0.0,NO_MATERIAL_BENEFIT_CLASS
V31-0387,MRVL,2026-04-14,CLOSED,TRAILING_WIN,2026-04-15,69,133.83,92.34,1.0,CLOSED,TARGET,2026-04-17,369.37,4.0,-277.03,TRAILING_REDUCED_PROFIT
V31-0388,NVDA,2026-04-15,CLOSED,TRAILING_WIN,2026-04-17,46,198.87,91.48,1.0,CLOSED,TARGET,2026-05-11,914.8,10.0,-823.32,TRAILING_REDUCED_PROFIT
V31-0389,AMD,2026-04-16,CLOSED,TRAILING_WIN,2026-04-20,43,278.26,358.96,3.0,CLOSED,TARGET,2026-04-22,598.26,5.0,-239.3,TRAILING_REDUCED_PROFIT
V31-0390,NVDA,2026-04-17,CLOSED,TRAILING_WIN,2026-04-23,54,201.68,108.91,1.0,CLOSED,TARGET,2026-05-11,1089.07,10.0,-980.16,TRAILING_REDUCED_PROFIT
V31-0391,MRVL,2026-04-20,CLOSED,TRAILING_WIN,2026-04-21,78,147.84,230.63,2.0,CLOSED,TARGET,2026-04-21,461.26,4.0,-230.63,TRAILING_REDUCED_PROFIT
V31-0392,MRVL,2026-04-21,CLOSED,TRAILING_WIN,2026-04-22,77,151.31,233.02,2.0,CLOSED,TARGET,2026-04-22,466.03,4.0,-233.01,TRAILING_REDUCED_PROFIT
V31-0393,AMD,2026-04-22,CLOSED,TRAILING_WIN,2026-04-23,38,303.46,115.31,1.0,CLOSED,TARGET,2026-04-24,576.57,5.0,-461.26,TRAILING_REDUCED_PROFIT
V31-0394,MRVL,2026-04-22,CLOSED,TRAILING_WIN,2026-04-23,45,157.32,212.38,3.0,CLOSED,TARGET,2026-04-23,283.18,4.0,-70.8,TRAILING_REDUCED_PROFIT
V31-0395,AMD,2026-04-23,CLOSED,WIN,2026-04-24,53,305.33,809.12,5.0,CLOSED,TARGET,2026-04-24,809.12,5.0,0.0,NO_MATERIAL_BENEFIT_CLASS
V31-0396,MRVL,2026-04-23,CLOSED,TRAILING_WIN,2026-04-24,59,165.56,293.04,3.0,CLOSED,INITIAL_STOP,2026-04-27,-833.7,-8.53,1126.74,TRAILING_TURNED_LOSS_TO_WIN
V31-0397,NVDA,2026-04-24,CLOSED,TRAILING_WIN,2026-04-27,80,208.27,166.62,1.0,CLOSED,TARGET,2026-05-14,1666.16,10.0,-1499.54,TRAILING_REDUCED_PROFIT
V31-0398,AMD,2026-04-24,CLOSED,LOSS,2026-04-28,28,347.81,-765.15,-7.86,CLOSED,INITIAL_STOP,2026-04-28,-765.15,-7.86,0.0,NO_MATERIAL_BENEFIT_CLASS
V31-0399,LRCX,2026-04-24,CLOSED,LOSS,2026-04-28,23,267.78,-333.27,-5.41,CLOSED,INITIAL_STOP,2026-04-28,-333.27,-5.41,0.0,NO_MATERIAL_BENEFIT_CLASS
V31-0400,NVDA,2026-04-27,CLOSED,LOSS,2026-04-30,48,216.61,-807.11,-7.76,CLOSED,INITIAL_STOP,2026-04-30,-807.11,-7.76,0.0,NO_MATERIAL_BENEFIT_CLASS
V31-0401,MRVL,2026-04-29,CLOSED,TRAILING_WIN,2026-04-30,77,156.57,241.12,2.0,CLOSED,TARGET,2026-05-01,723.35,6.0,-482.23,TRAILING_REDUCED_PROFIT
V31-0402,AMD,2026-04-30,CLOSED,TRAILING_WIN,2026-05-01,45,354.49,159.52,1.0,CLOSED,TARGET,2026-05-06,797.6,5.0,-638.08,TRAILING_REDUCED_PROFIT
V31-0403,LRCX,2026-04-30,CLOSED,TRAILING_WIN,2026-05-04,37,257.86,190.82,2.0,CLOSED,TARGET,2026-05-05,381.63,4.0,-190.81,TRAILING_REDUCED_PROFIT
V31-0404,LRCX,2026-04-30,CLOSED,TRAILING_WIN,2026-05-04,23,257.86,118.62,2.0,CLOSED,TARGET,2026-05-05,355.85,6.0,-237.23,TRAILING_REDUCED_PROFIT
V31-0405,AMD,2026-05-01,CLOSED,WIN,2026-05-06,27,360.54,486.73,5.0,CLOSED,TARGET,2026-05-06,486.73,5.0,0.0,NO_MATERIAL_BENEFIT_CLASS
V31-0406,SHOP,2026-05-01,CLOSED,TRAILING_WIN,2026-05-04,47,127.67,60.0,1.0,CLOSED,INITIAL_STOP,2026-05-05,-438.04,-7.3,498.04,TRAILING_TURNED_LOSS_TO_WIN
V31-0407,SHOP,2026-05-01,CLOSED,TRAILING_WIN,2026-05-04,29,127.67,37.02,1.0,CLOSED,INITIAL_STOP,2026-05-05,-480.26,-12.97,517.28,TRAILING_TURNED_LOSS_TO_WIN
V31-0408,LRCX,2026-05-05,CLOSED,WIN,2026-05-06,45,275.8,496.44,4.0,CLOSED,TARGET,2026-05-06,496.44,4.0,0.0,NO_MATERIAL_BENEFIT_CLASS
V31-0409,AMD,2026-05-06,CLOSED,TRAILING_WIN,2026-05-08,39,421.39,328.68,2.0,CLOSED,TARGET,2026-05-08,821.71,5.0,-493.03,TRAILING_REDUCED_PROFIT
V31-0410,AMD,2026-05-08,CLOSED,TRAILING_WIN,2026-05-11,37,455.19,336.84,2.0,CLOSED,INITIAL_STOP,2026-05-19,-1987.44,-11.8,2324.28,TRAILING_TURNED_LOSS_TO_WIN
V31-0411,TSLA,2026-05-08,CLOSED,TRAILING_WIN,2026-05-11,23,428.35,98.52,1.0,CLOSED,TARGET,2026-05-11,394.08,4.0,-295.56,TRAILING_REDUCED_PROFIT
V31-0412,TSLA,2026-05-08,CLOSED,TRAILING_WIN,2026-05-11,14,428.35,59.97,1.0,CLOSED,TIMEOUT,2026-05-22,-32.76,-0.55,92.73,TRAILING_TURNED_LOSS_TO_WIN
V31-0413,NVDA,2026-05-11,CLOSED,TRAILING_WIN,2026-05-12,77,219.44,168.97,1.0,OPEN,MARK_TO_MARKET,2026-05-22,-316.47,-1.87,485.44,TRAILING_TURNED_LOSS_TO_WIN
V31-0414,AMD,2026-05-11,CLOSED,LOSS,2026-05-19,22,458.79,-1203.99,-11.93,CLOSED,INITIAL_STOP,2026-05-19,-1203.99,-11.93,0.0,NO_MATERIAL_BENEFIT_CLASS
V31-0415,TSLA,2026-05-11,CLOSED,TRAILING_WIN,2026-05-13,14,445.0,62.3,1.0,CLOSED,INITIAL_STOP,2026-05-18,-433.33,-6.96,495.63,TRAILING_TURNED_LOSS_TO_WIN
V31-0416,TSLA,2026-05-11,CLOSED,TRAILING_WIN,2026-05-13,8,445.0,35.6,1.0,CLOSED,INITIAL_STOP,2026-05-19,-371.43,-10.43,407.03,TRAILING_TURNED_LOSS_TO_WIN
V31-0417,ANET,2026-05-12,CLOSED,TRAILING_WIN,2026-05-13,64,142.54,273.68,3.0,OPEN,MARK_TO_MARKET,2026-05-22,735.36,8.06,-461.68,TRAILING_REDUCED_PROFIT
V31-0418,NVDA,2026-05-13,CLOSED,TRAILING_WIN,2026-05-14,58,225.83,261.96,2.0,OPEN,MARK_TO_MARKET,2026-05-22,-609.0,-4.65,870.96,TRAILING_TURNED_LOSS_TO_WIN
V31-0419,MRVL,2026-05-13,CLOSED,TRAILING_WIN,2026-05-14,45,177.95,240.23,3.0,CLOSED,TARGET,2026-05-14,320.31,4.0,-80.08,TRAILING_REDUCED_PROFIT
V31-0420,NVDA,2026-05-14,OPEN,OPEN,,57,235.74,-1163.37,-8.66,OPEN,MARK_TO_MARKET,2026-05-22,-1163.37,-8.66,0.0,NO_MATERIAL_BENEFIT_CLASS
V31-0421,ANET,2026-05-14,CLOSED,TRAILING_WIN,2026-05-22,54,147.81,239.45,3.0,OPEN,MARK_TO_MARKET,2026-05-22,335.88,4.21,-96.43,TRAILING_REDUCED_PROFIT
V31-0422,MRVL,2026-05-14,CLOSED,WIN,2026-05-20,26,182.58,189.88,4.0,CLOSED,TARGET,2026-05-20,189.88,4.0,0.0,NO_MATERIAL_BENEFIT_CLASS
V31-0423,ANET,2026-05-18,CLOSED,TRAILING_WIN,2026-05-20,21,141.71,29.76,1.0,CLOSED,TARGET,2026-05-21,148.8,5.0,-119.04,TRAILING_REDUCED_PROFIT
V31-0424,MRVL,2026-05-19,CLOSED,WIN,2026-05-20,30,176.27,317.29,6.0,CLOSED,TARGET,2026-05-20,317.29,6.0,0.0,NO_MATERIAL_BENEFIT_CLASS
V31-0425,MRVL,2026-05-20,CLOSED,TRAILING_WIN,2026-05-21,46,186.8,257.78,3.0,CLOSED,TARGET,2026-05-22,515.57,6.0,-257.79,TRAILING_REDUCED_PROFIT
V31-0426,ANET,2026-05-21,CLOSED,TRAILING_WIN,2026-05-22,59,148.59,175.34,2.0,OPEN,MARK_TO_MARKET,2026-05-22,320.96,3.66,-145.62,TRAILING_REDUCED_PROFIT
