base_close_date,base_outcome,base_pnl,base_pnl_pct,entry_date,pnl_delta,shadow_close_date,shadow_outcome,shadow_pnl,shadow_pnl_pct,strategy_id,ticker,timeframe
2026-05-06,TRAILING_WIN,7535.29,19.0,2026-05-01,-9871.59,2026-05-04,LOSS,-2336.3,-6.0,AMD_swing_breakout_20,AMD,swing
2026-05-20,TRAILING_WIN,730.32,5.0,2026-05-14,-2227.48,2026-05-19,LOSS,-1497.16,-10.0,MRVL_monthly_breakout_100,MRVL,monthly
2025-04-24,TRAILING_WIN,133.31,1.0,2025-04-09,-1447.88,2025-04-10,LOSS,-1314.57,-10.0,AVGO_monthly_rsi_14_30,AVGO,monthly
2024-12-13,TRAILING_WIN,297.74,3.0,2024-12-04,-1325.65,2024-12-09,LOSS,-1027.91,-10.0,MRVL_monthly_breakout_100,MRVL,monthly
2025-06-25,TRAILING_WIN,86.53,1.0,2025-06-16,-923.32,2025-06-23,LOSS,-836.79,-10.0,ANET_monthly_rsi_21_45,ANET,monthly
2025-03-12,TRAILING_WIN,218.36,2.0,2025-03-07,-885.12,2025-03-10,LOSS,-666.76,-6.0,AVGO_swing_rsi_7_30,AVGO,swing
2025-07-24,TRAILING_WIN,192.49,2.0,2025-07-17,-750.72,2025-07-22,LOSS,-558.23,-6.0,AMD_swing_breakout_20,AMD,swing
2026-05-26,TRAILING_WIN,3121.65,10.0,2026-05-22,-608.63,2026-05-26,TRAILING_WIN,2513.02,10.0,MRVL_monthly_breakout_100,MRVL,monthly
,,-3591.36,-8.86,2026-05-14,-581.24,2026-05-26,LOSS,-4172.6,-10.0,NVDA_monthly_breakout_100,NVDA,monthly
2026-05-08,TRAILING_WIN,3404.83,8.0,2026-05-06,-370.82,2026-05-08,TRAILING_WIN,3034.01,8.0,AMD_swing_breakout_20,AMD,swing
2025-04-23,TRAILING_WIN,113.34,4.0,2025-04-09,-283.34,2025-04-10,LOSS,-170.0,-6.0,SHOP_swing_rsi_14_35,SHOP,swing
2026-05-11,TRAILING_WIN,1764.8,4.0,2026-05-08,-205.61,2026-05-11,TRAILING_WIN,1559.19,4.0,TSLA_swing_breakout_55,TSLA,swing
2026-05-22,TRAILING_WIN,628.54,3.0,2026-05-21,-191.69,2026-05-22,TRAILING_WIN,436.85,3.0,ANET_swing_rsi_14_30,ANET,swing
2026-05-21,TRAILING_WIN,613.39,3.0,2026-05-20,-184.02,2026-05-21,TRAILING_WIN,429.37,3.0,LRCX_swing_rsi_7_40,LRCX,swing
2026-04-24,TRAILING_WIN,5679.14,15.0,2026-04-23,-137.4,2026-04-24,TRAILING_WIN,5541.74,15.0,AMD_swing_breakout_20,AMD,swing
2024-05-01,LOSS,-247.68,-6.53,2024-04-26,-118.76,2024-05-01,LOSS,-366.44,-6.0,LRCX_swing_rsi_7_40,LRCX,swing
2025-10-06,TRAILING_WIN,3752.73,33.0,2025-10-02,-112.02,2025-10-06,TRAILING_WIN,3640.71,33.0,AMD_swing_breakout_20,AMD,swing
2026-05-11,TRAILING_WIN,792.03,3.0,2026-05-08,-81.93,2026-05-11,TRAILING_WIN,710.1,3.0,AMD_swing_breakout_20,AMD,swing
2024-11-15,LOSS,-126.16,-3.36,2024-11-13,-79.68,2024-11-15,LOSS,-205.84,-3.36,ANET_monthly_rsi_21_45,ANET,monthly
2025-11-20,TRAILING_WIN,1339.71,6.0,2025-11-19,-63.8,2025-11-20,TRAILING_WIN,1275.91,6.0,AVGO_monthly_rsi_14_30,AVGO,monthly
2026-01-23,TRAILING_WIN,1281.34,5.0,2026-01-22,-63.44,2026-01-23,TRAILING_WIN,1217.9,5.0,AMD_swing_breakout_20,AMD,swing
2025-04-09,TRAILING_WIN,2371.66,20.0,2025-04-08,-62.42,2025-04-09,TRAILING_WIN,2309.24,20.0,AVGO_swing_rsi_7_30,AVGO,swing
2026-02-11,TRAILING_WIN,1832.26,9.0,2026-02-10,-57.26,2026-02-11,TRAILING_WIN,1775.0,9.0,SHOP_swing_rsi_14_35,SHOP,swing
2025-09-15,TRAILING_WIN,1247.21,7.0,2025-09-12,-55.43,2025-09-15,TRAILING_WIN,1191.78,7.0,TSLA_swing_breakout_55,TSLA,swing
2025-09-12,TRAILING_WIN,1213.38,7.0,2025-09-11,-51.63,2025-09-12,TRAILING_WIN,1161.75,7.0,TSLA_swing_breakout_55,TSLA,swing
2026-05-12,TRAILING_WIN,452.05,1.0,2026-05-11,-50.47,2026-05-12,TRAILING_WIN,401.58,1.0,NVDA_monthly_breakout_100,NVDA,monthly
2025-10-29,TRAILING_WIN,1115.72,5.0,2025-10-28,-50.26,2025-10-29,TRAILING_WIN,1065.46,5.0,NVDA_monthly_breakout_100,NVDA,monthly
2026-04-08,TRAILING_WIN,1505.39,11.0,2026-04-07,-49.36,2026-04-08,TRAILING_WIN,1456.03,11.0,LRCX_swing_rsi_7_40,LRCX,swing
2026-04-08,TRAILING_WIN,2044.69,9.0,2026-04-07,-48.11,2026-04-08,TRAILING_WIN,1996.58,9.0,ANET_monthly_rsi_21_45,ANET,monthly
2026-04-10,TRAILING_WIN,1620.98,5.0,2026-04-09,-47.32,2026-04-10,TRAILING_WIN,1573.66,5.0,AMD_swing_breakout_20,AMD,swing
2026-04-27,TRAILING_WIN,1624.51,4.0,2026-04-24,-41.66,2026-04-27,TRAILING_WIN,1582.85,4.0,NVDA_monthly_breakout_100,NVDA,monthly
2025-10-24,TRAILING_WIN,867.61,4.0,2025-10-23,-41.31,2025-10-24,TRAILING_WIN,826.3,4.0,AVGO_swing_rsi_7_30,AVGO,swing
2026-04-16,TRAILING_WIN,1693.27,8.0,2026-04-15,-41.3,2026-04-16,TRAILING_WIN,1651.97,8.0,AMD_swing_breakout_20,AMD,swing
2026-05-21,TRAILING_WIN,123.91,1.0,2026-05-20,-36.75,2026-05-21,TRAILING_WIN,87.16,1.0,SHOP_swing_rsi_14_35,SHOP,swing
2025-05-14,TRAILING_WIN,1115.6,8.0,2025-05-13,-35.98,2025-05-14,TRAILING_WIN,1079.62,8.0,AMD_swing_breakout_20,AMD,swing
2025-08-12,TRAILING_WIN,686.13,4.0,2025-08-11,-33.63,2025-08-12,TRAILING_WIN,652.5,4.0,PANW_monthly_rsi_21_35,PANW,monthly
2026-02-09,TRAILING_WIN,1298.39,5.0,2026-02-06,-33.29,2026-02-09,TRAILING_WIN,1265.1,5.0,AVGO_swing_rsi_7_30,AVGO,swing
2026-03-05,TRAILING_WIN,1413.01,5.0,2026-03-04,-31.75,2026-03-05,TRAILING_WIN,1381.26,5.0,AVGO_swing_rsi_7_30,AVGO,swing
2026-03-05,TRAILING_WIN,857.33,5.0,2026-03-04,-31.75,2026-03-05,TRAILING_WIN,825.58,5.0,AVGO_monthly_rsi_14_30,AVGO,monthly
2025-06-06,TRAILING_WIN,863.35,6.0,2025-06-05,-31.51,2025-06-06,TRAILING_WIN,831.84,6.0,SHOP_swing_rsi_14_35,SHOP,swing
2025-12-10,TRAILING_WIN,717.82,3.0,2025-12-09,-31.21,2025-12-10,TRAILING_WIN,686.61,3.0,ANET_monthly_rsi_21_45,ANET,monthly
2026-05-13,TRAILING_WIN,271.45,1.0,2026-05-11,-31.15,2026-05-13,TRAILING_WIN,240.3,1.0,TSLA_swing_breakout_55,TSLA,swing
2026-02-05,TRAILING_WIN,1263.01,5.0,2026-02-04,-30.81,2026-02-05,TRAILING_WIN,1232.2,5.0,AVGO_monthly_rsi_14_30,AVGO,monthly
2025-08-08,TRAILING_WIN,511.61,3.0,2025-08-07,-29.74,2025-08-08,TRAILING_WIN,481.87,3.0,LRCX_swing_rsi_7_40,LRCX,swing
2026-04-14,TRAILING_WIN,1342.82,4.0,2026-04-10,-29.41,2026-04-14,TRAILING_WIN,1313.41,4.0,AMD_swing_breakout_20,AMD,swing
2026-04-20,TRAILING_WIN,1515.64,7.0,2026-04-17,-29.34,2026-04-20,TRAILING_WIN,1486.3,7.0,MRVL_monthly_breakout_100,MRVL,monthly
2026-02-25,TRAILING_WIN,830.0,3.0,2026-02-24,-29.29,2026-02-25,TRAILING_WIN,800.71,3.0,AVGO_swing_rsi_7_30,AVGO,swing
2026-04-10,TRAILING_WIN,1554.29,8.0,2026-04-09,-28.78,2026-04-10,TRAILING_WIN,1525.51,8.0,MRVL_monthly_breakout_100,MRVL,monthly
2025-10-07,TRAILING_WIN,898.36,7.0,2025-10-06,-28.52,2025-10-07,TRAILING_WIN,869.84,7.0,AMD_swing_breakout_20,AMD,swing
2025-10-09,TRAILING_WIN,572.34,3.0,2025-10-02,-28.34,2025-10-09,TRAILING_WIN,544.0,3.0,NVDA_monthly_breakout_100,NVDA,monthly
2025-09-10,TRAILING_WIN,683.04,4.0,2025-09-09,-27.32,2025-09-10,TRAILING_WIN,655.72,4.0,NVDA_swing_rsi_21_35,NVDA,swing
2025-12-02,TRAILING_WIN,690.89,3.0,2025-12-01,-26.99,2025-12-02,TRAILING_WIN,663.9,3.0,NVDA_swing_rsi_21_35,NVDA,swing
2025-07-28,TRAILING_WIN,392.87,4.0,2025-07-25,-26.64,2025-07-28,TRAILING_WIN,366.23,4.0,AMD_swing_breakout_20,AMD,swing
2025-07-15,TRAILING_WIN,620.1,4.0,2025-07-11,-26.39,2025-07-15,TRAILING_WIN,593.71,4.0,NVDA_monthly_breakout_100,NVDA,monthly
2024-12-16,TRAILING_WIN,628.17,6.0,2024-12-13,-26.17,2024-12-16,TRAILING_WIN,602.0,6.0,TSLA_swing_breakout_55,TSLA,swing
2025-12-19,TRAILING_WIN,559.98,5.0,2025-12-18,-24.71,2025-12-19,TRAILING_WIN,535.27,5.0,LRCX_swing_rsi_7_40,LRCX,swing
2025-12-08,TRAILING_WIN,473.12,2.0,2025-12-04,-22.01,2025-12-08,TRAILING_WIN,451.11,2.0,NVDA_swing_rsi_21_35,NVDA,swing
2026-04-08,TRAILING_WIN,897.98,5.0,2026-04-06,-21.9,2026-04-08,TRAILING_WIN,876.08,5.0,MRVL_monthly_breakout_100,MRVL,monthly
2025-04-08,TRAILING_WIN,1028.6,9.0,2025-04-07,-21.28,2025-04-08,TRAILING_WIN,1007.32,9.0,SHOP_swing_rsi_14_35,SHOP,swing
2026-04-14,TRAILING_WIN,819.31,4.0,2026-04-13,-21.01,2026-04-14,TRAILING_WIN,798.3,4.0,MRVL_monthly_breakout_100,MRVL,monthly
2025-07-29,TRAILING_WIN,395.94,4.0,2025-07-28,-20.83,2025-07-29,TRAILING_WIN,375.11,4.0,AMD_swing_breakout_20,AMD,swing
2026-01-15,TRAILING_WIN,504.13,2.0,2026-01-13,-20.79,2026-01-15,TRAILING_WIN,483.34,2.0,ANET_monthly_rsi_21_45,ANET,monthly
2025-11-03,TRAILING_WIN,455.49,2.0,2025-10-29,-20.71,2025-11-03,TRAILING_WIN,434.78,2.0,NVDA_monthly_breakout_100,NVDA,monthly
2026-01-12,TRAILING_WIN,496.76,2.0,2026-01-09,-20.7,2026-01-12,TRAILING_WIN,476.06,2.0,AVGO_swing_rsi_7_30,AVGO,swing
2026-04-09,TRAILING_WIN,1139.92,6.0,2026-04-08,-20.6,2026-04-09,TRAILING_WIN,1119.32,6.0,MRVL_monthly_breakout_100,MRVL,monthly
2025-10-27,TRAILING_WIN,440.08,2.0,2025-10-24,-20.23,2025-10-27,TRAILING_WIN,419.85,2.0,AMD_swing_breakout_20,AMD,swing
2025-12-04,TRAILING_WIN,468.94,2.0,2025-12-03,-20.04,2025-12-04,TRAILING_WIN,448.9,2.0,MRVL_monthly_breakout_100,MRVL,monthly
2025-11-26,TRAILING_WIN,460.15,2.0,2025-11-25,-20.01,2025-11-26,TRAILING_WIN,440.14,2.0,ANET_swing_rsi_14_30,ANET,swing
2026-01-22,TRAILING_WIN,504.6,2.0,2026-01-21,-19.99,2026-01-22,TRAILING_WIN,484.61,2.0,AMD_swing_breakout_20,AMD,swing
2025-07-11,TRAILING_WIN,459.32,3.0,2025-07-09,-19.54,2025-07-11,TRAILING_WIN,439.78,3.0,NVDA_monthly_breakout_100,NVDA,monthly
2026-01-27,TRAILING_WIN,467.78,3.0,2026-01-26,-19.49,2026-01-27,TRAILING_WIN,448.29,3.0,AVGO_swing_rsi_7_30,AVGO,swing
2025-07-25,TRAILING_WIN,291.82,3.0,2025-07-24,-19.46,2025-07-25,TRAILING_WIN,272.36,3.0,AMD_swing_breakout_20,AMD,swing
2025-08-04,TRAILING_WIN,339.22,2.0,2025-08-01,-19.27,2025-08-04,TRAILING_WIN,319.95,2.0,LRCX_swing_rsi_7_40,LRCX,swing
2025-07-09,TRAILING_WIN,454.12,3.0,2025-07-03,-19.12,2025-07-09,TRAILING_WIN,435.0,3.0,NVDA_monthly_breakout_100,NVDA,monthly
2026-04-23,TRAILING_WIN,830.65,6.0,2026-04-22,-18.88,2026-04-23,TRAILING_WIN,811.77,6.0,MRVL_monthly_breakout_100,MRVL,monthly
2026-04-09,TRAILING_WIN,635.19,2.0,2026-04-08,-18.55,2026-04-09,TRAILING_WIN,616.64,2.0,AMD_swing_breakout_20,AMD,swing
2026-02-11,TRAILING_WIN,619.11,4.0,2026-02-06,-18.48,2026-02-11,TRAILING_WIN,600.63,4.0,LRCX_swing_rsi_7_40,LRCX,swing
2026-04-22,TRAILING_WIN,901.81,4.0,2026-04-21,-18.16,2026-04-22,TRAILING_WIN,883.65,4.0,MRVL_monthly_breakout_100,MRVL,monthly
2026-04-21,TRAILING_WIN,887.04,4.0,2026-04-20,-17.74,2026-04-21,TRAILING_WIN,869.3,4.0,MRVL_monthly_breakout_100,MRVL,monthly
2025-05-13,TRAILING_WIN,549.25,4.0,2025-05-12,-17.3,2025-05-13,TRAILING_WIN,531.95,4.0,AMD_swing_breakout_20,AMD,swing
2026-04-06,TRAILING_WIN,708.55,4.0,2026-04-01,-17.07,2026-04-06,TRAILING_WIN,691.48,4.0,MRVL_monthly_breakout_100,MRVL,monthly
2026-04-15,TRAILING_WIN,626.32,3.0,2026-04-14,-16.06,2026-04-15,TRAILING_WIN,610.26,3.0,MRVL_monthly_breakout_100,MRVL,monthly
2026-03-04,TRAILING_WIN,565.05,2.0,2026-03-03,-15.61,2026-03-04,TRAILING_WIN,549.44,2.0,PANW_monthly_rsi_21_35,PANW,monthly
2026-04-13,TRAILING_WIN,609.04,3.0,2026-04-10,-15.42,2026-04-13,TRAILING_WIN,593.62,3.0,MRVL_monthly_breakout_100,MRVL,monthly
2025-10-02,TRAILING_WIN,373.16,2.0,2025-09-30,-14.93,2025-10-02,TRAILING_WIN,358.23,2.0,NVDA_monthly_breakout_100,NVDA,monthly
2026-04-24,TRAILING_WIN,685.42,3.0,2026-04-23,-14.9,2026-04-24,TRAILING_WIN,670.52,3.0,MRVL_monthly_breakout_100,MRVL,monthly
2026-02-19,TRAILING_WIN,549.81,2.0,2026-02-18,-14.59,2026-02-19,TRAILING_WIN,535.22,2.0,SHOP_swing_rsi_14_35,SHOP,swing
2025-12-16,TRAILING_WIN,427.78,3.0,2025-12-15,-14.26,2025-12-16,TRAILING_WIN,413.52,3.0,TSLA_swing_breakout_55,TSLA,swing
2026-05-01,TRAILING_WIN,786.97,2.0,2026-04-30,-14.18,2026-05-01,TRAILING_WIN,772.79,2.0,AMD_swing_breakout_20,AMD,swing
2025-07-16,TRAILING_WIN,284.77,3.0,2025-07-15,-14.01,2025-07-16,TRAILING_WIN,270.76,3.0,AMD_swing_breakout_20,AMD,swing
2025-10-02,TRAILING_WIN,266.71,4.0,2025-10-01,-13.33,2025-10-02,TRAILING_WIN,253.38,4.0,AVGO_swing_rsi_7_30,AVGO,swing
2025-07-03,TRAILING_WIN,299.73,2.0,2025-06-27,-12.63,2025-07-03,TRAILING_WIN,287.1,2.0,NVDA_monthly_breakout_100,NVDA,monthly
2025-06-27,TRAILING_WIN,297.64,2.0,2025-06-26,-12.4,2025-06-27,TRAILING_WIN,285.24,2.0,NVDA_monthly_breakout_100,NVDA,monthly
2026-04-01,TRAILING_WIN,575.69,2.0,2026-03-31,-12.38,2026-04-01,TRAILING_WIN,563.31,2.0,AVGO_swing_rsi_7_30,AVGO,swing
2025-09-16,TRAILING_WIN,541.25,3.0,2025-09-15,-12.3,2025-09-16,TRAILING_WIN,528.95,3.0,TSLA_swing_breakout_55,TSLA,swing
2026-03-05,TRAILING_WIN,311.46,3.0,2026-03-04,-12.14,2026-03-05,TRAILING_WIN,299.32,3.0,ANET_monthly_rsi_21_45,ANET,monthly
2025-12-05,TRAILING_WIN,281.78,2.0,2025-12-04,-11.74,2025-12-05,TRAILING_WIN,270.04,2.0,PANW_monthly_rsi_21_35,PANW,monthly
2025-03-19,TRAILING_WIN,678.06,6.0,2025-03-17,-11.59,2025-03-19,TRAILING_WIN,666.47,6.0,SHOP_swing_rsi_14_35,SHOP,swing
2026-02-25,TRAILING_WIN,498.34,3.0,2026-02-24,-11.59,2026-02-25,TRAILING_WIN,486.75,3.0,ANET_monthly_rsi_21_45,ANET,monthly
2025-06-17,TRAILING_WIN,428.46,3.0,2025-06-16,-11.37,2025-06-17,TRAILING_WIN,417.09,3.0,AMD_swing_breakout_20,AMD,swing
2025-03-06,LOSS,-654.9,-5.79,2025-03-05,-11.1,2025-03-06,LOSS,-666.0,-5.79,AVGO_swing_rsi_7_30,AVGO,swing
2026-04-01,TRAILING_WIN,316.77,3.0,2026-03-31,-11.05,2026-04-01,TRAILING_WIN,305.72,3.0,ANET_swing_rsi_14_30,ANET,swing
2026-01-02,TRAILING_WIN,241.9,1.0,2025-12-11,-10.75,2026-01-02,TRAILING_WIN,231.15,1.0,ANET_monthly_rsi_21_45,ANET,monthly
2025-11-25,TRAILING_WIN,228.58,1.0,2025-11-24,-10.53,2025-11-25,TRAILING_WIN,218.05,1.0,LRCX_swing_rsi_7_40,LRCX,swing
2025-07-28,TRAILING_WIN,318.32,2.0,2025-07-17,-10.38,2025-07-28,TRAILING_WIN,307.94,2.0,NVDA_monthly_breakout_100,NVDA,monthly
2026-01-06,TRAILING_WIN,247.26,1.0,2026-01-05,-10.3,2026-01-06,TRAILING_WIN,236.96,1.0,AVGO_monthly_rsi_14_30,AVGO,monthly
2025-07-17,TRAILING_WIN,314.09,2.0,2025-07-15,-10.24,2025-07-17,TRAILING_WIN,303.85,2.0,NVDA_monthly_breakout_100,NVDA,monthly
2025-10-08,TRAILING_WIN,393.6,3.0,2025-10-07,-10.09,2025-10-08,TRAILING_WIN,383.51,3.0,AVGO_monthly_rsi_14_30,AVGO,monthly
2026-04-23,TRAILING_WIN,361.01,1.0,2026-04-17,-10.09,2026-04-23,TRAILING_WIN,350.92,1.0,NVDA_monthly_breakout_100,NVDA,monthly
2025-05-07,TRAILING_WIN,273.6,2.0,2025-05-05,-10.05,2025-05-07,TRAILING_WIN,263.55,2.0,AMD_swing_breakout_20,AMD,swing
2026-04-17,TRAILING_WIN,352.0,1.0,2026-04-15,-9.94,2026-04-17,TRAILING_WIN,342.06,1.0,NVDA_monthly_breakout_100,NVDA,monthly
2025-12-17,TRAILING_WIN,146.96,1.0,2025-12-16,-9.79,2025-12-17,TRAILING_WIN,137.17,1.0,TSLA_swing_breakout_55,TSLA,swing
2024-10-31,LOSS,-301.94,-5.43,2024-10-29,-9.74,2024-10-31,LOSS,-311.68,-5.43,AVGO_swing_rsi_7_30,AVGO,swing
2025-10-02,TRAILING_WIN,220.54,2.0,2025-10-01,-9.19,2025-10-02,TRAILING_WIN,211.35,2.0,TSLA_swing_breakout_55,TSLA,swing
2025-07-31,TRAILING_WIN,168.38,1.0,2025-07-30,-8.99,2025-07-31,TRAILING_WIN,159.39,1.0,MRVL_monthly_breakout_100,MRVL,monthly
2025-07-30,TRAILING_WIN,166.79,1.0,2025-07-29,-8.87,2025-07-30,TRAILING_WIN,157.92,1.0,AMD_swing_breakout_20,AMD,swing
2025-07-29,TRAILING_WIN,164.38,1.0,2025-07-28,-8.84,2025-07-29,TRAILING_WIN,155.54,1.0,NVDA_monthly_breakout_100,NVDA,monthly
2026-03-16,TRAILING_WIN,295.47,1.0,2026-03-11,-8.75,2026-03-16,TRAILING_WIN,286.72,1.0,LRCX_swing_rsi_7_40,LRCX,swing
2025-09-23,TRAILING_WIN,186.71,1.0,2025-09-22,-8.68,2025-09-23,TRAILING_WIN,178.03,1.0,TSLA_swing_breakout_55,TSLA,swing
2025-10-16,TRAILING_WIN,215.72,1.0,2025-10-15,-8.68,2025-10-16,TRAILING_WIN,207.04,1.0,LRCX_swing_rsi_7_40,LRCX,swing
2025-09-18,TRAILING_WIN,183.12,1.0,2025-09-17,-8.52,2025-09-18,TRAILING_WIN,174.6,1.0,TSLA_swing_breakout_55,TSLA,swing
2024-11-27,LOSS,-244.26,-2.51,2024-11-26,-8.28,2024-11-27,LOSS,-252.54,-2.51,AVGO_swing_rsi_7_30,AVGO,swing
2026-03-23,TRAILING_WIN,297.99,1.0,2026-03-18,-8.16,2026-03-23,TRAILING_WIN,289.83,1.0,ANET_monthly_rsi_21_45,ANET,monthly
2026-03-16,TRAILING_WIN,352.62,2.0,2026-03-13,-8.01,2026-03-16,TRAILING_WIN,344.61,2.0,ANET_monthly_rsi_21_45,ANET,monthly
2025-10-28,TRAILING_WIN,220.72,1.0,2025-10-27,-7.79,2025-10-28,TRAILING_WIN,212.93,1.0,AMD_swing_breakout_20,AMD,swing
2025-10-10,TRAILING_WIN,181.02,1.0,2025-10-09,-7.71,2025-10-10,TRAILING_WIN,173.31,1.0,NVDA_monthly_breakout_100,NVDA,monthly
2026-04-15,TRAILING_WIN,346.9,1.0,2026-04-14,-7.66,2026-04-15,TRAILING_WIN,339.24,1.0,AMD_swing_breakout_20,AMD,swing
2025-04-09,TRAILING_WIN,473.99,11.0,2025-04-08,-7.65,2025-04-09,TRAILING_WIN,466.34,11.0,ANET_swing_rsi_14_30,ANET,swing
2024-09-03,LOSS,-392.73,-4.55,2024-08-30,-7.41,2024-09-03,LOSS,-400.14,-4.55,AVGO_swing_rsi_7_30,AVGO,swing
2024-09-06,LOSS,-201.85,-2.4,2024-09-05,-7.34,2024-09-06,LOSS,-209.19,-2.4,AVGO_swing_rsi_7_30,AVGO,swing
2025-09-05,TRAILING_WIN,169.83,1.0,2025-09-04,-7.26,2025-09-05,TRAILING_WIN,162.57,1.0,SHOP_swing_rsi_14_35,SHOP,swing
2025-08-29,TRAILING_WIN,169.85,1.0,2025-08-28,-7.08,2025-08-29,TRAILING_WIN,162.77,1.0,SHOP_swing_rsi_14_35,SHOP,swing
2025-12-24,TRAILING_WIN,150.21,1.0,2025-12-23,-6.99,2025-12-24,TRAILING_WIN,143.22,1.0,AVGO_swing_rsi_7_30,AVGO,swing
2026-03-30,TRAILING_WIN,288.13,1.0,2026-03-27,-6.7,2026-03-30,TRAILING_WIN,281.43,1.0,NVDA_swing_rsi_21_35,NVDA,swing
2026-04-07,TRAILING_WIN,295.27,1.0,2026-04-01,-6.66,2026-04-07,TRAILING_WIN,288.61,1.0,LRCX_swing_rsi_7_40,LRCX,swing
2024-07-03,TRAILING_WIN,179.0,4.0,2024-07-02,-6.62,2024-07-03,TRAILING_WIN,172.38,4.0,AVGO_swing_rsi_7_30,AVGO,swing
2026-04-01,TRAILING_WIN,346.65,2.0,2026-03-31,-6.19,2026-04-01,TRAILING_WIN,340.46,2.0,AVGO_monthly_rsi_14_30,AVGO,monthly
2025-06-26,TRAILING_WIN,148.14,1.0,2025-06-25,-6.17,2025-06-26,TRAILING_WIN,141.97,1.0,NVDA_monthly_breakout_100,NVDA,monthly
2026-04-23,TRAILING_WIN,455.19,2.0,2026-04-22,-6.07,2026-04-23,TRAILING_WIN,449.12,2.0,AMD_swing_breakout_20,AMD,swing
2025-08-27,TRAILING_WIN,166.89,1.0,2025-08-26,-5.96,2025-08-27,TRAILING_WIN,160.93,1.0,AVGO_swing_rsi_7_30,AVGO,swing
2025-07-30,TRAILING_WIN,100.92,1.0,2025-07-29,-5.94,2025-07-30,TRAILING_WIN,94.98,1.0,LRCX_swing_rsi_7_40,LRCX,swing
2026-04-17,TRAILING_WIN,217.04,1.0,2026-04-16,-5.56,2026-04-17,TRAILING_WIN,211.48,1.0,AMD_swing_breakout_20,AMD,swing
2025-10-10,TRAILING_WIN,162.8,2.0,2025-10-08,-5.55,2025-10-10,TRAILING_WIN,157.25,2.0,MRVL_monthly_breakout_100,MRVL,monthly
2025-04-28,TRAILING_WIN,136.34,1.0,2025-04-25,-5.45,2025-04-28,TRAILING_WIN,130.89,1.0,ANET_monthly_rsi_21_45,ANET,monthly
2025-10-07,TRAILING_WIN,156.5,2.0,2025-10-06,-5.34,2025-10-07,TRAILING_WIN,151.16,2.0,MRVL_monthly_breakout_100,MRVL,monthly
2025-03-17,TRAILING_WIN,225.48,2.0,2025-03-14,-5.01,2025-03-17,TRAILING_WIN,220.47,2.0,ANET_swing_rsi_14_30,ANET,swing
2025-07-17,TRAILING_WIN,96.05,1.0,2025-07-16,-4.8,2025-07-17,TRAILING_WIN,91.25,1.0,AMD_swing_breakout_20,AMD,swing
2025-10-09,TRAILING_WIN,134.27,1.0,2025-10-08,-4.71,2025-10-09,TRAILING_WIN,129.56,1.0,AMD_swing_breakout_20,AMD,swing
2025-11-25,TRAILING_WIN,136.67,1.0,2025-11-24,-4.66,2025-11-25,TRAILING_WIN,132.01,1.0,SHOP_swing_rsi_14_35,SHOP,swing
2025-03-14,TRAILING_WIN,333.17,3.0,2025-03-12,-4.6,2025-03-14,TRAILING_WIN,328.57,3.0,LRCX_swing_rsi_7_40,LRCX,swing
2025-08-28,TRAILING_WIN,101.56,1.0,2025-08-26,-4.15,2025-08-28,TRAILING_WIN,97.41,1.0,LRCX_swing_rsi_7_40,LRCX,swing
2025-06-03,TRAILING_WIN,142.69,1.0,2025-06-02,-4.12,2025-06-03,TRAILING_WIN,138.57,1.0,LRCX_swing_rsi_7_40,LRCX,swing
2025-03-20,TRAILING_WIN,231.51,2.0,2025-03-19,-4.06,2025-03-20,TRAILING_WIN,227.45,2.0,SHOP_swing_rsi_14_35,SHOP,swing
2025-01-13,LOSS,-415.41,-3.78,2025-01-10,-3.92,2025-01-13,LOSS,-419.33,-3.78,SHOP_swing_rsi_14_35,SHOP,swing
2026-04-01,TRAILING_WIN,187.85,3.0,2026-03-31,-3.68,2026-04-01,TRAILING_WIN,184.17,3.0,ANET_monthly_rsi_21_45,ANET,monthly
2025-05-29,TRAILING_WIN,141.53,1.0,2025-05-27,-3.63,2025-05-29,TRAILING_WIN,137.9,1.0,TSLA_swing_breakout_55,TSLA,swing
2025-05-16,TRAILING_WIN,142.55,1.0,2025-05-14,-3.48,2025-05-16,TRAILING_WIN,139.07,1.0,TSLA_swing_breakout_55,TSLA,swing
2025-12-22,TRAILING_WIN,112.32,1.0,2025-12-19,-3.4,2025-12-22,TRAILING_WIN,108.92,1.0,AVGO_monthly_rsi_14_30,AVGO,monthly
2025-05-28,TRAILING_WIN,85.62,1.0,2025-05-27,-3.36,2025-05-28,TRAILING_WIN,82.26,1.0,LRCX_swing_rsi_7_40,LRCX,swing
2025-06-26,TRAILING_WIN,88.91,1.0,2025-06-25,-2.87,2025-06-26,TRAILING_WIN,86.04,1.0,AMD_swing_breakout_20,AMD,swing
2025-10-03,TRAILING_WIN,68.96,1.0,2025-10-02,-2.59,2025-10-03,TRAILING_WIN,66.37,1.0,MRVL_monthly_breakout_100,MRVL,monthly
2026-05-01,TRAILING_WIN,234.65,1.0,2026-04-30,-2.58,2026-05-01,TRAILING_WIN,232.07,1.0,LRCX_swing_rsi_7_40,LRCX,swing
2025-03-26,TRAILING_WIN,117.27,1.0,2025-03-24,-2.28,2025-03-26,TRAILING_WIN,114.99,1.0,AMD_swing_breakout_20,AMD,swing
2025-12-22,TRAILING_WIN,87.93,1.0,2025-12-16,-1.87,2025-12-22,TRAILING_WIN,86.06,1.0,PANW_monthly_rsi_21_35,PANW,monthly
2025-04-14,TRAILING_WIN,80.56,1.0,2025-04-09,-1.52,2025-04-14,TRAILING_WIN,79.04,1.0,ANET_monthly_rsi_21_45,ANET,monthly
2024-10-31,LOSS,-30.75,-1.54,2024-10-30,-1.23,2024-10-31,LOSS,-31.98,-1.54,SHOP_swing_rsi_14_35,SHOP,swing
2026-04-01,TRAILING_WIN,37.96,1.0,2026-03-31,-1.19,2026-04-01,TRAILING_WIN,36.77,1.0,SHOP_swing_rsi_14_35,SHOP,swing
2024-08-01,TRAILING_WIN,11.02,1.0,2024-07-31,-0.62,2024-08-01,TRAILING_WIN,10.4,1.0,SHOP_swing_rsi_14_35,SHOP,swing
2024-04-17,LOSS,-29.23,-0.5,2024-04-16,-0.33,2024-04-17,LOSS,-29.56,-0.5,ANET_monthly_rsi_21_45,ANET,monthly
2024-12-26,TRAILING_WIN,107.01,1.0,2024-12-23,0.74,2024-12-26,TRAILING_WIN,107.75,1.0,LRCX_swing_rsi_7_40,LRCX,swing
2024-04-09,TRAILING_WIN,59.08,1.0,2024-04-05,0.97,2024-04-09,TRAILING_WIN,60.05,1.0,LRCX_swing_rsi_7_40,LRCX,swing
2024-07-02,TRAILING_WIN,42.42,1.0,2024-07-01,1.07,2024-07-02,TRAILING_WIN,43.49,1.0,LRCX_swing_rsi_7_40,LRCX,swing
2024-06-17,TRAILING_WIN,68.58,1.0,2024-06-14,1.32,2024-06-17,TRAILING_WIN,69.9,1.0,NVDA_monthly_breakout_100,NVDA,monthly
2024-04-05,TRAILING_WIN,58.34,1.0,2024-04-04,1.33,2024-04-05,TRAILING_WIN,59.67,1.0,PANW_monthly_rsi_21_35,PANW,monthly
2026-05-20,TRAILING_WIN,89.28,1.0,2026-05-18,1.41,2026-05-20,TRAILING_WIN,90.69,1.0,ANET_swing_rsi_14_30,ANET,swing
2024-03-22,TRAILING_WIN,57.53,1.0,2024-03-21,1.43,2024-03-22,TRAILING_WIN,58.96,1.0,PANW_monthly_rsi_21_35,PANW,monthly
2025-01-02,TRAILING_WIN,215.25,2.0,2024-12-31,1.44,2025-01-02,TRAILING_WIN,216.69,2.0,LRCX_swing_rsi_7_40,LRCX,swing
2024-12-16,TRAILING_WIN,125.07,2.0,2024-12-13,1.52,2024-12-16,TRAILING_WIN,126.59,2.0,LRCX_swing_rsi_7_40,LRCX,swing
2024-10-11,TRAILING_WIN,55.52,1.0,2024-10-09,1.65,2024-10-11,TRAILING_WIN,57.17,1.0,LRCX_swing_rsi_7_40,LRCX,swing
2024-10-03,TRAILING_WIN,54.8,1.0,2024-10-02,1.66,2024-10-03,TRAILING_WIN,56.46,1.0,PANW_monthly_rsi_21_35,PANW,monthly
2024-11-01,TRAILING_WIN,67.9,2.0,2024-10-29,1.69,2024-11-01,TRAILING_WIN,69.59,2.0,MRVL_monthly_breakout_100,MRVL,monthly
2024-09-23,TRAILING_WIN,88.43,1.0,2024-09-20,1.7,2024-09-23,TRAILING_WIN,90.13,1.0,PANW_monthly_rsi_21_35,PANW,monthly
2024-11-08,TRAILING_WIN,33.82,1.0,2024-11-07,1.88,2024-11-08,TRAILING_WIN,35.7,1.0,MRVL_monthly_breakout_100,MRVL,monthly
2025-02-27,TRAILING_WIN,111.8,1.0,2025-02-26,1.93,2025-02-27,TRAILING_WIN,113.73,1.0,ANET_monthly_rsi_21_45,ANET,monthly
2024-05-24,TRAILING_WIN,122.48,2.0,2024-05-23,2.08,2024-05-24,TRAILING_WIN,124.56,2.0,NVDA_monthly_breakout_100,NVDA,monthly
2024-11-25,TRAILING_WIN,58.11,1.0,2024-11-22,2.18,2024-11-25,TRAILING_WIN,60.29,1.0,LRCX_swing_rsi_7_40,LRCX,swing
2024-09-18,TRAILING_WIN,88.52,1.0,2024-09-13,2.3,2024-09-18,TRAILING_WIN,90.82,1.0,LRCX_swing_rsi_7_40,LRCX,swing
2024-06-06,TRAILING_WIN,129.79,2.0,2024-06-05,2.45,2024-06-06,TRAILING_WIN,132.24,2.0,NVDA_monthly_breakout_100,NVDA,monthly
2024-09-10,TRAILING_WIN,83.62,1.0,2024-09-09,2.45,2024-09-10,TRAILING_WIN,86.07,1.0,ANET_swing_rsi_14_30,ANET,swing
2024-10-28,TRAILING_WIN,53.84,1.0,2024-10-25,2.69,2024-10-28,TRAILING_WIN,56.53,1.0,TSLA_swing_breakout_55,TSLA,swing
2024-11-06,TRAILING_WIN,90.54,1.0,2024-10-21,2.87,2024-11-06,TRAILING_WIN,93.41,1.0,NVDA_monthly_breakout_100,NVDA,monthly
2024-12-03,TRAILING_WIN,97.83,1.0,2024-12-02,2.9,2024-12-03,TRAILING_WIN,100.73,1.0,MRVL_monthly_breakout_100,MRVL,monthly
2024-11-25,TRAILING_WIN,97.19,1.0,2024-11-21,3.04,2024-11-25,TRAILING_WIN,100.23,1.0,ANET_monthly_rsi_21_45,ANET,monthly
2024-11-06,TRAILING_WIN,110.02,2.0,2024-11-05,3.05,2024-11-06,TRAILING_WIN,113.07,2.0,LRCX_swing_rsi_7_40,LRCX,swing
2024-07-23,TRAILING_WIN,161.06,2.0,2024-07-22,3.22,2024-07-23,TRAILING_WIN,164.28,2.0,AVGO_swing_rsi_7_30,AVGO,swing
2025-01-31,TRAILING_WIN,274.48,4.0,2025-01-30,3.23,2025-01-31,TRAILING_WIN,277.71,4.0,LRCX_swing_rsi_7_40,LRCX,swing
2024-10-04,TRAILING_WIN,180.89,2.0,2024-09-26,3.35,2024-10-04,TRAILING_WIN,184.24,2.0,AMD_swing_breakout_20,AMD,swing
2024-10-08,TRAILING_WIN,90.58,1.0,2024-10-04,3.42,2024-10-08,TRAILING_WIN,94.0,1.0,AMD_swing_breakout_20,AMD,swing
2024-08-14,TRAILING_WIN,171.37,2.0,2024-08-13,3.46,2024-08-14,TRAILING_WIN,174.83,2.0,ANET_monthly_rsi_21_45,ANET,monthly
2025-01-22,TRAILING_WIN,216.54,2.0,2025-01-21,3.67,2025-01-22,TRAILING_WIN,220.21,2.0,PANW_monthly_rsi_21_35,PANW,monthly
2024-05-03,TRAILING_WIN,353.51,6.0,2024-05-02,3.93,2024-05-03,TRAILING_WIN,357.44,6.0,ANET_swing_rsi_14_30,ANET,swing
2025-03-03,TRAILING_WIN,223.36,2.0,2025-02-28,3.99,2025-03-03,TRAILING_WIN,227.35,2.0,AVGO_monthly_rsi_14_30,AVGO,monthly
2024-12-23,TRAILING_WIN,315.2,3.0,2024-12-20,4.04,2024-12-23,TRAILING_WIN,319.24,3.0,NVDA_swing_rsi_21_35,NVDA,swing
2024-09-13,TRAILING_WIN,175.94,2.0,2024-09-11,4.29,2024-09-13,TRAILING_WIN,180.23,2.0,SHOP_swing_rsi_14_35,SHOP,swing
2025-01-06,TRAILING_WIN,432.63,4.0,2025-01-03,4.37,2025-01-06,TRAILING_WIN,437.0,4.0,SHOP_swing_rsi_14_35,SHOP,swing
2024-10-25,TRAILING_WIN,98.78,3.0,2024-10-24,4.59,2024-10-25,TRAILING_WIN,103.37,3.0,LRCX_swing_rsi_7_40,LRCX,swing
2024-06-13,TRAILING_WIN,401.62,6.0,2024-06-12,4.66,2024-06-13,TRAILING_WIN,406.28,6.0,ANET_monthly_rsi_21_45,ANET,monthly
2024-08-09,TRAILING_WIN,163.02,2.0,2024-08-08,4.8,2024-08-09,TRAILING_WIN,167.82,2.0,LRCX_swing_rsi_7_40,LRCX,swing
2025-03-10,LOSS,-251.43,-6.24,2025-03-07,4.92,2025-03-10,LOSS,-246.51,-6.0,LRCX_swing_rsi_7_40,LRCX,swing
2024-11-07,TRAILING_WIN,100.6,3.0,2024-11-06,5.44,2024-11-07,TRAILING_WIN,106.04,3.0,MRVL_monthly_breakout_100,MRVL,monthly
2024-11-07,TRAILING_WIN,183.47,2.0,2024-11-06,5.82,2024-11-07,TRAILING_WIN,189.29,2.0,NVDA_monthly_breakout_100,NVDA,monthly
2024-11-21,TRAILING_WIN,187.59,2.0,2024-11-07,5.95,2024-11-21,TRAILING_WIN,193.54,2.0,NVDA_monthly_breakout_100,NVDA,monthly
2024-08-07,TRAILING_WIN,314.01,4.0,2024-08-06,6.04,2024-08-07,TRAILING_WIN,320.05,4.0,PANW_monthly_rsi_21_35,PANW,monthly
2024-09-26,TRAILING_WIN,356.44,4.0,2024-09-25,6.48,2024-09-26,TRAILING_WIN,362.92,4.0,AMD_swing_breakout_20,AMD,swing
2024-10-16,TRAILING_WIN,269.2,3.0,2024-10-15,7.15,2024-10-16,TRAILING_WIN,276.35,3.0,MRVL_monthly_breakout_100,MRVL,monthly
2024-08-13,TRAILING_WIN,253.0,3.0,2024-08-12,7.3,2024-08-13,TRAILING_WIN,260.3,3.0,LRCX_swing_rsi_7_40,LRCX,swing
2024-12-02,TRAILING_WIN,286.88,3.0,2024-11-29,9.73,2024-12-02,TRAILING_WIN,296.61,3.0,AVGO_swing_rsi_7_30,AVGO,swing
2025-11-13,LOSS,-262.14,-1.9,2025-11-12,10.28,2025-11-13,LOSS,-251.86,-1.9,ANET_monthly_rsi_21_45,ANET,monthly
2024-09-11,TRAILING_WIN,591.36,7.0,2024-09-10,10.37,2024-09-11,TRAILING_WIN,601.73,7.0,AVGO_swing_rsi_7_30,AVGO,swing
2024-09-11,TRAILING_WIN,352.74,7.0,2024-09-10,10.37,2024-09-11,TRAILING_WIN,363.11,7.0,AVGO_monthly_rsi_14_30,AVGO,monthly
2025-04-03,LOSS,-779.96,-6.67,2025-04-02,11.47,2025-04-03,LOSS,-768.49,-6.67,AVGO_monthly_rsi_14_30,AVGO,monthly
2024-08-12,TRAILING_WIN,496.51,6.0,2024-08-09,12.57,2024-08-12,TRAILING_WIN,509.08,6.0,NVDA_swing_rsi_21_35,NVDA,swing
2024-03-21,TRAILING_WIN,548.68,10.0,2024-03-20,12.76,2024-03-21,TRAILING_WIN,561.44,10.0,AVGO_swing_rsi_7_30,AVGO,swing
2024-08-08,TRAILING_WIN,559.04,7.0,2024-08-07,13.41,2024-08-08,TRAILING_WIN,572.45,7.0,SHOP_swing_rsi_14_35,SHOP,swing
2024-12-04,TRAILING_WIN,390.11,4.0,2024-12-03,13.45,2024-12-04,TRAILING_WIN,403.56,4.0,AVGO_monthly_rsi_14_30,AVGO,monthly
2026-04-28,LOSS,-783.0,-5.41,2026-04-24,14.5,2026-04-28,LOSS,-768.5,-5.41,LRCX_swing_rsi_7_40,LRCX,swing
2024-12-09,TRAILING_WIN,233.53,4.0,2024-12-06,15.57,2024-12-09,TRAILING_WIN,249.1,4.0,TSLA_swing_breakout_55,TSLA,swing
2024-07-03,TRAILING_WIN,501.83,7.0,2024-07-02,16.19,2024-07-03,TRAILING_WIN,518.02,7.0,TSLA_swing_breakout_55,TSLA,swing
2024-05-01,LOSS,-380.54,-6.43,2024-04-23,20.85,2024-04-25,LOSS,-359.69,-6.0,SHOP_swing_rsi_14_35,SHOP,swing
2024-12-18,TRAILING_WIN,81.58,1.0,2024-12-17,23.99,2024-12-18,TRAILING_WIN,105.57,1.0,TSLA_swing_breakout_55,TSLA,swing
2026-03-27,LOSS,-1288.0,-4.34,2026-03-23,28.0,2026-03-27,LOSS,-1260.0,-4.34,AVGO_swing_rsi_7_30,AVGO,swing
2024-10-15,LOSS,-589.36,-6.44,2024-10-08,29.49,2024-10-10,LOSS,-559.87,-6.0,AMD_swing_breakout_20,AMD,swing
2026-05-22,TRAILING_WIN,975.55,4.0,2026-05-14,29.56,2026-05-22,TRAILING_WIN,1005.11,4.0,ANET_monthly_rsi_21_45,ANET,monthly
2024-12-12,TRAILING_WIN,63.72,1.0,2024-12-11,38.22,2024-12-12,TRAILING_WIN,101.94,1.0,TSLA_swing_breakout_55,TSLA,swing
2024-08-02,LOSS,-537.23,-10.79,2024-07-31,39.12,2024-08-02,LOSS,-498.11,-10.0,AVGO_monthly_rsi_14_30,AVGO,monthly
2024-03-08,LOSS,-371.14,-11.18,2024-03-07,39.29,2024-03-08,LOSS,-331.85,-10.0,MRVL_monthly_breakout_100,MRVL,monthly
2026-05-14,TRAILING_WIN,1571.78,4.0,2026-05-13,45.16,2026-05-14,TRAILING_WIN,1616.94,4.0,NVDA_monthly_breakout_100,NVDA,monthly
2026-05-14,TRAILING_WIN,1656.71,7.0,2026-05-13,49.83,2026-05-14,TRAILING_WIN,1706.54,7.0,MRVL_monthly_breakout_100,MRVL,monthly
2026-04-30,LOSS,-2010.16,-7.8,2026-04-27,50.68,2026-04-30,LOSS,-1959.48,-7.8,NVDA_monthly_breakout_100,NVDA,monthly
2025-11-13,LOSS,-1351.68,-5.89,2025-11-10,63.36,2025-11-13,LOSS,-1288.32,-5.89,AVGO_swing_rsi_7_30,AVGO,swing
2025-06-25,TRAILING_WIN,265.79,4.0,2025-06-24,66.44,2025-06-25,TRAILING_WIN,332.23,4.0,AMD_swing_breakout_20,AMD,swing
2026-05-13,TRAILING_WIN,842.41,3.0,2026-05-12,68.42,2026-05-13,TRAILING_WIN,910.83,3.0,ANET_monthly_rsi_21_45,ANET,monthly
2025-06-13,LOSS,-924.46,-6.3,2025-06-10,74.1,2025-06-13,LOSS,-850.36,-6.0,AMD_swing_breakout_20,AMD,swing
2025-06-25,TRAILING_WIN,437.78,4.0,2025-06-24,118.32,2025-06-25,TRAILING_WIN,556.1,4.0,NVDA_monthly_breakout_100,NVDA,monthly
2024-04-26,TRAILING_WIN,223.11,6.0,2024-04-25,133.86,2024-04-26,TRAILING_WIN,356.97,6.0,NVDA_swing_rsi_21_35,NVDA,swing
2026-01-30,TRAILING_WIN,317.5,2.0,2026-01-29,171.98,2026-01-30,TRAILING_WIN,489.48,2.0,AVGO_swing_rsi_7_30,AVGO,swing
2025-05-23,LOSS,-684.82,-7.86,2025-05-14,183.33,2025-05-22,LOSS,-501.49,-6.0,AMD_swing_breakout_20,AMD,swing
2024-12-10,TRAILING_WIN,311.83,5.0,2024-12-09,194.9,2024-12-10,TRAILING_WIN,506.73,5.0,TSLA_swing_breakout_55,TSLA,swing
2025-02-24,LOSS,-1418.28,-12.05,2025-02-18,241.04,2025-02-20,LOSS,-1177.24,-10.0,ANET_monthly_rsi_21_45,ANET,monthly
2024-11-14,LOSS,-630.36,-10.59,2024-11-11,252.36,2024-11-12,LOSS,-378.0,-6.0,TSLA_swing_breakout_55,TSLA,swing
2025-04-24,TRAILING_WIN,480.46,6.0,2025-04-23,288.27,2025-04-24,TRAILING_WIN,768.73,6.0,LRCX_swing_rsi_7_40,LRCX,swing
2024-08-02,LOSS,-817.46,-9.98,2024-07-31,316.14,2024-08-01,LOSS,-501.32,-6.0,AVGO_swing_rsi_7_30,AVGO,swing
2026-03-26,LOSS,-1380.53,-7.64,2026-03-25,336.45,2026-03-26,LOSS,-1044.08,-6.0,AMD_swing_breakout_20,AMD,swing
2025-04-23,TRAILING_WIN,396.82,6.0,2025-04-22,356.12,2025-04-23,TRAILING_WIN,752.94,6.0,AVGO_swing_rsi_7_30,AVGO,swing
2025-04-21,LOSS,-645.8,-13.36,2025-04-09,364.2,2025-04-10,LOSS,-281.6,-6.0,LRCX_swing_rsi_7_40,LRCX,swing
2024-12-18,LOSS,-1047.76,-16.15,2024-12-16,411.38,2024-12-17,LOSS,-636.38,-10.0,MRVL_monthly_breakout_100,MRVL,monthly
2026-04-28,LOSS,-1925.8,-7.91,2026-04-24,506.74,2026-04-28,LOSS,-1419.06,-6.0,AMD_swing_breakout_20,AMD,swing
2025-08-19,LOSS,-1665.89,-9.51,2025-08-13,681.09,2025-08-19,LOSS,-984.8,-6.0,AMD_swing_breakout_20,AMD,swing
2026-01-30,LOSS,-2254.0,-8.68,2026-01-23,758.24,2026-01-29,LOSS,-1495.76,-6.0,AMD_swing_breakout_20,AMD,swing
2026-05-19,LOSS,-1917.2,-11.94,2026-05-11,1063.85,2026-05-12,LOSS,-853.35,-6.0,AMD_swing_breakout_20,AMD,swing
